formula,TL,NdValence_composition_average,IsTransitionMetal_composition_average,HeatVaporization_difference,valence_difference,Trg
Ag10Cu35Zr55,1210.869,5.6,1.0,339.87,2.0,0.534391278
Ag10Cu50Zr40,1150.093,6.8,1.0,339.87,2.0,0.6082451729999999
Ag10Cu55Zr35,1200.345,7.2,1.0,339.87,2.0,0.608510326
Ag15Cu45Zr40,1188.829,6.8,1.0,339.87,2.0,0.586262414
Ag25Cu35Zr40,1220.177,6.8,1.0,339.87,2.0,0.56452735
Ag35Ca65,868.0,3.5,0.35,95.96,0.0,0.515
Ag5Cu55Zr40,1171.82,6.8,1.0,339.87,2.0,0.598170354
Al13.3Co26.7Zr60,1254.0,3.069,0.867,299.7,1.0,0.573
Al15.4Co26Zr58.6,1282.0,2.992,0.846,299.7,1.0,0.565
Al15Ca70Mg15,771.0,0.0,0.0,163.2,1.0,0.544747082
Al16.9Co25.6Zr57.5,1300.0,2.9419999999999997,0.831,299.7,1.0,0.5720000000000001
Al18Sr82,863.0,0.0,0.0,153.9,1.0,0.527
Al19.4Co24.8Zr55.8,1302.0,2.852,0.8059999999999999,299.7,1.0,0.5770000000000001
Al20Ca65Mg15,776.0,0.0,0.0,163.2,1.0,0.596649485
Al21.2Co21.2Zr57.6,1324.0,2.636,0.7879999999999999,299.7,1.0,0.574
Al22.3Co22.3Zr55.4,1326.0,2.6689999999999996,0.777,299.7,1.0,0.578
Al22Co24Zr54,1316.0,2.76,0.78,299.7,1.0,0.584
Al23.5Co23.5Zr53,1320.0,2.705,0.765,299.7,1.0,0.59
Al30Ca60Mg10,873.0,0.0,0.0,163.2,1.0,0.5819014889999999
Al30Sr70,953.0,0.0,0.0,153.9,1.0,0.556
Al32Ca58Mg10,873.0,0.0,0.0,163.2,1.0,0.587628866
Al35Ca65,818.0,0.0,0.0,136.13,1.0,0.688
Al35La50Ni15,971.0,1.7,0.15,108.77,0.0,0.5479999999999999
Al35Sr65,993.0,0.0,0.0,153.9,1.0,0.493
Al40La45Ni15,1097.0,1.65,0.15,108.77,0.0,0.49200000000000005
Al85Co5Y10,1232.0,0.45,0.15,102.5,0.0,0.48
Al85Ni5Y10,1249.0,0.5,0.15,102.5,0.0,0.42
Al86.5Co4.5Y9,1231.0,0.405,0.135,102.5,0.0,0.44
Al86.5Ni4.5Y9,1222.0,0.45,0.135,102.5,0.0,0.41
Al88Co4Y8,1189.0,0.36,0.12,102.5,0.0,0.43
Al88Ni4Y8,1189.0,0.4,0.12,102.5,0.0,0.39
Al89.5Co3.5Y7,1188.0,0.315,0.105,102.5,0.0,0.39
Al89.5Ni3.5Y7,1146.0,0.35,0.105,102.5,0.0,0.37
Au35Ca65,1116.0,3.5,0.35,169.76,1.0,0.508
Au49Ag5.5Pd2.3Cu26.9Si16.3,644.0,8.37,0.8370000000000001,142.67,2.0,0.622670807
Au55Cu25Si20,654.0,8.0,0.8,58.5,2.0,0.532110092
Au77.8Si8.4Ge13.8,629.0,9.16,0.778,34.57,1.0,0.46581999999999996
Au77Si9.4Ge13.6,625.0,9.06,0.77,34.57,1.0,0.469
Be30Zr70,1393.0,1.4,0.7,293.5,2.0,0.44
Be32.5Zr67.5,1238.0,1.35,0.675,293.5,2.0,0.496
Be40Zr60,1343.0,1.2,0.6,293.5,2.0,0.46399999999999997
Be45Zr55,1413.0,1.1,0.55,293.5,2.0,0.457
Be50Zr50,1473.0,1.0,0.5,293.5,2.0,0.456
Ca40Mg25Cu35,680.0,3.5,0.35,172.9,0.0,0.5867600000000001
Ca40Mg30Cu30,694.0,3.0,0.3,172.9,0.0,0.56916
Ca45Mg19Cu36,714.0,3.6,0.36,172.9,0.0,0.55882
Ca45Mg25Cu30,678.0,3.0,0.3,172.9,0.0,0.58997
Ca45Mg30Cu25,717.0,2.5,0.25,172.9,0.0,0.5592699999999999
Ca47.5Mg22.5Cu30,673.0,3.0,0.3,172.9,0.0,0.59287
Ca47Mg19Zn7Cu27,676.0,3.4,0.34,185.2,0.0,0.58136
Ca50Mg10Zn15Cu25,702.0,4.0,0.4,185.2,0.0,0.5626800000000001
Ca50Mg15Zn10Cu25,678.0,3.5,0.35,185.2,0.0,0.5826
Ca50Mg20Cu30,690.0,3.0,0.3,172.9,0.0,0.58116
Ca50Mg20Zn5Cu25,654.0,3.0,0.3,185.2,0.0,0.6100899999999999
Ca50Mg22.5Cu27.5,663.0,2.75,0.275,172.9,0.0,0.60332
Ca50Mg25Cu25,655.0,2.5,0.25,172.9,0.0,0.61069
Ca50Mg25Zn15Cu10,723.0,2.5,0.25,185.2,0.0,0.52974
Ca50Mg30Ag20,687.6397,2.0,0.2,123.03,0.0,0.608755785
Ca50Mg30Cu20,731.0,2.0,0.2,172.9,0.0,0.54993
Ca53Mg23Cu24,655.0,2.4,0.24,172.9,0.0,0.61985
Ca55Mg10Cu35,770.0,3.5,0.35,172.9,0.0,0.51558
Ca55Mg11Zn11Cu23,717.0,3.4,0.34,185.2,0.0,0.52859
Ca55Mg15Cu30,706.0,3.0,0.3,172.9,0.0,0.5623199999999999
Ca55Mg15Zn30,696.0,3.0,0.3,39.37,0.0,0.55603
Ca55Mg18Zn27,671.0,2.7,0.27,39.37,0.0,0.57973
Ca55Mg20Cu25,720.0,2.5,0.25,172.9,0.0,0.5541699999999999
Ca55Mg20Zn25,702.0,2.5,0.25,39.37,0.0,0.5455800000000001
Ca55Mg25Ag20,661.8945,2.0,0.2,123.03,0.0,0.616623225
Ca55Mg25Cu20,668.0,2.0,0.2,172.9,0.0,0.5958100000000001
Ca55Mg25Zn20,751.0,2.0,0.2,39.37,0.0,0.49933
Ca58Mg18Cu24,667.0,2.4,0.24,172.9,0.0,0.5817100000000001
Ca60Al30Ag10,868.0,1.0,0.1,136.13,1.0,0.55645
Ca60Mg10Zn30,666.0,3.0,0.3,39.37,0.0,0.57057
Ca60Mg13Cu27,701.0,2.7,0.27,172.9,0.0,0.56205
Ca60Mg15Cu25,687.0,2.5,0.25,172.9,0.0,0.5764199999999999
Ca60Mg15Zn25,650.0,2.5,0.25,39.37,0.0,0.58308
Ca60Mg17.5Zn22.5,650.0,2.25,0.225,39.37,0.0,0.58923
Ca60Mg20Ag20,666.1158,2.0,0.2,123.03,0.0,0.601997447
Ca60Mg20Cu20,678.0,2.0,0.2,172.9,0.0,0.5708
Ca60Mg20Zn20,660.0,2.0,0.2,39.37,0.0,0.5727300000000001
Ca60Mg25Cu15,676.0,1.5,0.15,172.9,0.0,0.57692
Ca60Mg25Zn15,744.0,1.5,0.15,39.37,0.0,0.50672
Ca62.5Mg17.5Zn20,640.0,2.0,0.2,39.37,0.0,0.58594
Ca63Al32Cu5,831.0,0.5,0.05,145.83,1.0,0.6161300000000001
Ca65Cu35,1033.0,3.5,0.35,145.83,0.0,0.424
Ca65Ga35,991.0,3.5,0.0,101.39,1.0,0.5670000000000001
Ca65Mg10Cu25,711.0,2.5,0.25,172.9,0.0,0.54571
Ca65Mg10Zn25,659.0,2.5,0.25,39.37,0.0,0.57208
Ca65Mg15Ag20,664.5798,2.0,0.2,123.03,0.0,0.584387467
Ca65Mg15Cu20,682.0,2.0,0.2,172.9,0.0,0.56158
Ca65Mg15Zn20,630.0,2.0,0.2,39.37,0.0,0.59524
Ca65Mg20Cu15,679.0,1.5,0.15,172.9,0.0,0.56848
Ca65Mg20Zn15,668.0,1.5,0.15,39.37,0.0,0.56886
Ca65Mg25Cu10,691.0,1.0,0.1,172.9,0.0,0.58611
Ca65Mg25Zn10,759.0,1.0,0.1,39.37,0.0,0.50988
Ca65Mg35,987.0,0.0,0.0,27.07,0.0,0.41700000000000004
Ca65Mg5Cu30,757.0,3.0,0.3,172.9,0.0,0.53236
Ca65Zn35,687.0,3.5,0.35,39.37,0.0,0.5660000000000001
Ca66.4Al33.6,873.0,0.0,0.0,136.13,1.0,0.6048100000000001
Ca70Mg10Ag20,673.9274,2.0,0.2,123.03,0.0,0.560753232
Ca70Mg10Cu20,713.0,2.0,0.2,172.9,0.0,0.53997
Ca70Mg10Zn20,657.0,2.0,0.2,39.37,0.0,0.5586
Ca70Mg15Zn15,688.0,1.5,0.15,39.37,0.0,0.5392399999999999
Ca70Mg20Cu10,702.0,1.0,0.1,172.9,0.0,0.50712
Ce55Al25Cu20,744.0678,2.55,0.2,23.0,2.0,0.59
Ce60Al20Co20,798.4934,2.0,0.2,82.5,1.0,0.531
Ce60Al20Cu20,702.1277,2.6,0.2,23.0,2.0,0.564
Ce65Al15Cu20,772.3404,2.65,0.2,23.0,2.0,0.47
Ce68Al10Cu20Fe2,708.0,2.8,0.22,58.7,4.0,0.49717514100000004
Ce70Al15Cu15,774.4681,2.2,0.15,23.0,2.0,0.47
Co43.2Fe28.8B19.2Si4.8Nb4,1418.0,4.912,0.76,340.6,3.0,0.58
Co43Fe20Ta5.5B31.5,1526.0,4.375,0.685,387.5,3.0,0.59633
Co48Cr15Mo14C15B6Er2,1394.0,4.81,0.77,422.12,3.0,0.60832
Co50.4Fe21.6B19.2Si4.8Nb4,1430.0,4.984,0.76,340.6,3.0,0.573
Co50Cr15Mo14C15B6,1417.0,4.95,0.79,375.5,3.0,0.57798
Co57.6Fe14.4B19.2Si4.8Nb4,1445.0,5.056,0.76,340.6,3.0,0.563
Co64.8Fe7.2B19.2Si4.8Nb4,1457.0,5.127999999999999,0.76,340.6,3.0,0.551
Cu25Zr75,1363.0,4.0,1.0,290.0,2.0,0.419
Cu28Zr72,1268.0,4.24,1.0,290.0,2.0,0.473
Cu33.5Zr66.5,1273.0,4.68,1.0,290.0,2.0,0.496
Cu34Zr50Ag8Al8,1148.0,5.2,0.92,339.87,2.0,0.5923
Cu35Ag25Zr30Ti10,1138.0,6.8,1.0,339.87,2.0,0.5949
Cu38Zr46Ag8Al8,1145.0,5.52,0.92,339.87,2.0,0.6044
Cu40Ag20Zr30Ti10,1125.0,6.8,1.0,339.87,2.0,0.60178
Cu40Zr40Ag10Al10,1273.0,5.8,0.9,339.87,2.0,0.5577
Cu40Zr44Ag8Al8,1176.0,5.68,0.92,339.87,2.0,0.5893
Cu40Zr60,1248.0,5.2,1.0,290.0,2.0,0.518
Cu42Zr42Ag16,1232.0,6.64,1.0,339.87,2.0,0.556
Cu42Zr42Ag8Al8,1213.0,5.84,0.92,339.87,2.0,0.5812
Cu43Zr40Ag7Ti10,1095.0,6.0,1.0,339.87,2.0,0.5991
Cu43Zr43Ag7In7,1135.0,6.56,0.93,364.165,2.0,0.6203
Cu43Zr43Ag7Ti7,1118.0,6.0,1.0,339.87,2.0,0.5993
Cu43Zr43Al7Ag7,1125.0,5.86,0.93,339.87,2.0,0.6311100000000001
Cu43Zr43Al7Be7,1126.0,5.16,0.86,299.7,2.0,0.63055
Cu44Zr44Ag12,1156.0,6.48,1.0,339.87,2.0,0.5917
Cu44Zr44Ag6Al6,1144.0,5.88,0.94,339.87,2.0,0.6101
Cu45Ag15Zr30Ti10,1121.0,6.8,1.0,339.87,2.0,0.61285
Cu45Ni5Ag10Zr30Ti10,1160.0,6.7,1.0,339.87,2.0,0.61207
Cu45Zr15Ag10Hf30,1275.0,6.4,1.0,410.44,2.0,0.5584
Cu45Zr25Ag10Hf20,1218.0,6.4,1.0,410.44,2.0,0.5731
Cu45Zr35Ag10Hf10,1171.0,6.4,1.0,410.44,2.0,0.5892
Cu45Zr45Ag10,1159.0,6.4,1.0,339.87,2.0,0.5893
Cu45Zr45Ag3Al7,1177.0,5.7,0.93,339.87,2.0,0.6015
Cu45Zr45Ag5Al5,1147.0,5.9,0.95,339.87,2.0,0.6077
Cu45Zr45Ag7Al3,1151.0,6.1,0.97,339.87,2.0,0.5977
Cu45Zr45Al10,1159.0,5.4,0.9,299.7,2.0,0.61
Cu45Zr48Al7,1186.0,5.46,0.93,299.7,2.0,0.59696
Cu45Zr55,1203.0,5.6,1.0,290.0,2.0,0.5489999999999999
Cu46.4Ag11.6Zr35Ti7,1119.0,6.64,1.0,339.87,2.0,0.61573
Cu46Zr37Al7Y10,1118.0,5.44,0.93,299.7,2.0,0.5948100000000001
Cu46Zr42Al7Y5,1113.0,5.49,0.93,299.7,2.0,0.60377
Cu46Zr46Ag8,1167.0,6.32,1.0,339.87,2.0,0.5801
Cu46Zr46Al8,1155.0,5.52,0.92,299.7,2.0,0.61
Cu46Zr47Al7,1163.0,5.54,0.93,299.7,2.0,0.60619
Cu46Zr54,1201.0,5.68,1.0,290.0,2.0,0.57952
Cu47Ni13Zr30Ti10,1251.0,6.54,1.0,290.0,2.0,0.58114
Cu47Ti33Nb11Ni8Si,1265.0,6.44,0.99,389.6,3.0,0.56126
Cu47Ti33Zr11Ni2Sn6Si,1181.0,6.34,0.93,300.13,2.0,0.582403906
Cu47Ti33Zr11Ni4Sn4Si,1108.0,6.3,0.95,300.13,2.0,0.607733948
Cu47Ti33Zr11Ni8Si,1157.0,6.22,0.99,290.0,2.0,0.6223
Cu47Ti33Zr11SiNi6Sn2,1140.0,6.26,0.97,300.13,2.0,0.63158
Cu47Ti33Zr11Sn8Si,1333.0,6.38,0.91,300.13,2.0,0.524188612
Cu47Ti33Zr3Nb8Ni8Si,1228.0,6.38,0.99,389.6,3.0,0.57655
Cu47Ti33Zr5Nb6Ni8Si,1187.0,6.34,0.99,389.6,3.0,0.59983
Cu47Ti33Zr7Nb4Ni8Si,1172.0,6.3,0.99,389.6,3.0,0.60836
Cu47Ti33Zr9Nb2Ni8Si,1159.0,6.26,0.99,389.6,3.0,0.62813
Cu47Zr43Al7Ag3,1156.0,5.86,0.93,339.87,2.0,0.61938
Cu47Zr43Al7Be3,1139.0,5.56,0.9,299.7,2.0,0.62774
Cu47Zr47Al6,1165.0,5.64,0.94,299.7,2.0,0.6
Cu48Zr48Ag4,1199.0,6.16,1.0,339.87,2.0,0.568
Cu48Zr48Al4,1188.0,5.76,0.96,299.7,2.0,0.58
Cu48Zr52,1207.0,5.84,1.0,290.0,2.0,0.5710000000000001
Cu49.4Zr41.99Ti7.41Sn0.6Si0.6,1141.0,5.9879999999999995,0.988,300.13,2.0,0.5977
Cu49.5Zr42.075Ti7.425Si,1141.0,5.94,0.99,290.0,2.0,0.5986
Cu49.5Zr42.075Ti7.425Sn,1140.0,6.04,0.99,300.13,2.0,0.5991
Cu49Hf42Al9,1249.0,5.74,0.91,370.27,2.0,0.6229
Cu49Zr36Ag10Ti5,1130.0,6.72,1.0,339.87,2.0,0.6115
Cu50Ag10Zr30Ti10,1130.0,6.8,1.0,339.87,2.0,0.61416
Cu50Hf42.5Al7.5,1239.683,5.85,0.925,370.27,2.0,0.63
Cu50Hf45Al5,1230.645,5.9,0.95,370.27,2.0,0.62
Cu50Zr42.5Ti7.5,1152.0,6.0,1.0,290.0,2.0,0.5877
Cu50Zr43Al7,1176.0,5.86,0.93,299.7,2.0,0.6131
Cu50Zr45Al5,1149.18,5.9,0.95,299.7,2.0,0.61
Cu50Zr50,1237.0,6.0,1.0,290.0,2.0,0.5546
Cu51.5Zr40.5Al8,1176.0,5.96,0.92,299.7,2.0,0.621
Cu52.4Zr41.1Al6.5,1177.0,6.062,0.935,299.7,2.0,0.619
Cu52.5Hf40Al7.5,1250.0,6.05,0.925,370.27,2.0,0.6232
Cu52.5Zr40Ga7.5,1218.0,6.8,0.925,334.44,2.0,0.6108399999999999
Cu52.5Zr42.5Al5,1162.295,6.1,0.95,299.7,2.0,0.61
Cu52.5Zr42.5Ga5,1187.0,6.6,0.95,334.44,2.0,0.61752
Cu53.2Zr41.8Al5,1176.0,6.156000000000001,0.95,299.7,2.0,0.613
Cu54Ag6Zr33Ti7,1135.0,6.8,1.0,339.87,2.0,0.62467
Cu54Ni6Zr22Ti18,1287.0,6.68,1.0,290.0,2.0,0.553224553
Cu54Zr27Ti9Be10,1130.0,6.12,0.9,293.5,2.0,0.63717
Cu54Zr27Ti9Be10,1130.0,6.12,0.9,293.5,2.0,0.637
Cu54Zr36Ag10,1146.0,7.12,1.0,339.87,2.0,0.6274
Cu55.2Hf23Ti13.8Nb8,1198.0,6.5760000000000005,1.0,389.6,3.0,0.62187
Cu55Ag5Zr30Ti10,1149.0,6.8,1.0,339.87,2.0,0.6127100000000001
Cu55Hf45,1295.0,6.4,1.0,360.57,2.0,0.595
Cu55Ni5Zr30Ti10,1204.0,6.7,1.0,290.0,2.0,0.59551
Cu55Zr40Al5,1166.129,6.3,0.95,299.7,2.0,0.62
Cu55Zr40Ga5,1193.0,6.8,0.95,334.44,2.0,0.61693
Cu55Zr42.5Ga2.5,1199.0,6.6,0.975,334.44,2.0,0.59133
Cu55Zr45,1183.0,6.4,1.0,290.0,2.0,0.59
Cu56.4Hf23.5Ti14.1Nb6,1190.0,6.632000000000001,1.0,389.6,3.0,0.62605
Cu56Zr44,1163.0,6.48,1.0,290.0,2.0,0.626
Cu57.5Zr37.5Ga5,1241.0,7.0,0.95,334.44,2.0,0.60032
Cu57.6Hf24Ti14.4Nb4,1188.0,6.688,1.0,389.6,3.0,0.62879
Cu57.6Zr28.8Ti9.6Sn4,1135.0,6.928,0.96,300.13,2.0,0.65
Cu57Zr36Ag7,1156.0,7.12,1.0,339.87,2.0,0.6159
Cu58.1Zr35.9Al6,1173.0,6.528,0.94,299.7,2.0,0.648
Cu58.2Zr29.1Ti9.7Sn3,1148.0,6.896,0.97,300.13,2.0,0.65
Cu58.7Zr36.3Al5,1179.0,6.596,0.95,299.7,2.0,0.634
Cu58.8Hf24.5Ti14.7Nb2,1184.0,6.744,1.0,389.6,3.0,0.63007
Cu58.8Zr29.4Ti9.8Sn2,1150.0,6.864,0.98,300.13,2.0,0.63
Cu58.8Zr29.4Ti9.8Y2,1122.0,6.684,1.0,290.0,2.0,0.63012
Cu59.4Zr29.7Ti9.9Sn,1155.0,6.832000000000001,0.99,300.13,2.0,0.63203
Cu59.6Zr36.9Al3.5,1181.0,6.6979999999999995,0.965,299.7,2.0,0.627
Cu60.3Zr37.2Al2.5,1185.0,6.774,0.975,299.7,2.0,0.619
Cu60Hf17.5Ti22.5,1229.0,6.8,1.0,360.57,2.0,0.5956100000000001
Cu60Hf20Ti20,1211.0,6.8,1.0,360.57,2.0,0.61107
Cu60Hf25Ti15,1177.0,6.8,1.0,360.57,2.0,0.62022
Cu60Hf40,1290.0,6.8,1.0,360.57,2.0,0.599
Cu60Zr30Ti10,1175.0,6.8,1.0,290.0,2.0,0.61617
Cu60Zr33Ti7,1191.0,6.8,1.0,290.0,2.0,0.62133
Cu60Zr40,1198.0,6.8,1.0,290.0,2.0,0.618
Cu62Zr38,1158.0,6.96,1.0,290.0,2.0,0.629
Cu64Zr36,1230.0,7.12,1.0,290.0,2.0,0.6398
Cu65Hf35,1259.0,7.2,1.0,360.57,2.0,0.621
Cu65Zr35,1248.0,7.2,1.0,290.0,2.0,0.626
Cu66Zr34,1263.0,7.28,1.0,290.0,2.0,0.603
Cu72Zr28,1358.0,7.76,1.0,290.0,2.0,0.574
Dy46Al24Co18Fe2Y10,1023.0,1.48,0.3,163.3,3.0,0.612903226
Er50Al24Co20Y6,1079.0,1.46,0.26,102.5,0.0,0.603336423
Fe27Co40Zr3Ti3Mo1.5Si1.5B24,1379.0,4.615,0.745,241.0,3.0,0.5881
Fe36Co36B19.2Si4.8Nb4,1397.0,4.84,0.76,340.6,3.0,0.58697
Fe39Co9Cr15Mo14C15B6Y2,1466.0,4.44,0.79,375.5,3.0,0.57162
Fe41.9Co27.9B18.6Si4.7Nb3.9Cr3,1474.0,4.773,0.767,350.6,3.0,0.5638
Fe41Co7Cr15Mo14C15B6Y2,1436.0,4.42,0.79,375.5,3.0,0.58357
Fe43.2Co28.8B19.2Si4.8Nb4,1407.0,4.768,0.76,340.6,3.0,0.58635
Fe43Co5Cr15Mo14C15B6Y2,1442.0,4.4,0.79,375.5,3.0,0.57906
Fe45Co3Cr15Mo14C15B6Y2,1446.0,4.38,0.79,375.5,3.0,0.57676
Fe48Cr15Mo14C15B6Y2,1464.0,4.35,0.79,375.5,3.0,0.57309
Fe48Cr15Mo14Er2C15B6,1446.0,4.33,0.77,422.12,3.0,0.58368
Fe50.4Co21.6B19.2Si4.8Nb4,1413.0,4.696000000000001,0.76,340.6,3.0,0.58599
Fe56Co16Y6B22,1494.0,4.54,0.78,158.3,3.0,0.5904
Fe56Co20Mo4P9C4B4Si3,1220.0,4.96,0.8,702.6,3.0,0.6033
Fe56Mn5Cr7Mo12Er2C12B6,1401.0,4.56,0.8,495.26,4.0,0.56602
Fe57.6Co14.4B19.2Si4.8Nb4,1431.0,4.624,0.76,340.6,3.0,0.58001
Fe58Co14Y6B22,1485.0,4.52,0.78,158.3,3.0,0.5926
Fe58Cr5Mo14Er2C15B6,1416.0,4.43,0.77,422.12,3.0,0.56003
Fe60Co12Y6B22,1498.0,4.5,0.78,158.3,3.0,0.5881
Fe61B15Mo7Zr8Co5Y2Cr2,1490.0,4.64,0.85,251.0,3.0,0.60477
Fe61B15Mo7Zr8Co6Y2Al,1495.0,4.61,0.84,299.7,3.0,0.6016699999999999
Fe61B15Mo7Zr8Co7Y2,1490.0,4.68,0.85,241.0,3.0,0.60711
Fe62Co10Y6B22,1503.0,4.48,0.78,158.3,3.0,0.5888
Fe63C15Mo14Er2B6,1389.0,4.48,0.77,422.12,3.0,0.55508
Fe64.8Co7.2B19.2Si4.8Nb4,1460.0,4.552,0.76,340.6,3.0,0.56986
Fe64Co8Y6B22,1505.0,4.46,0.78,158.3,3.0,0.5874
Fe65.5Cr4Mo4Ga4P12C5B5.5,1322.0,4.73,0.735,702.6,3.0,0.5635
Fe66Co6Y6B22,1509.0,4.44,0.78,158.3,3.0,0.5878
Fe67Mo5Y6B22,1483.0,4.33,0.78,240.9,3.0,0.6204
Fe67Ni5Y6B22,1469.0,4.48,0.78,158.3,3.0,0.5895
Fe68.3C6.9Si2.5B6.7P8.8Cr2.2Mo2.5Al2.1,1316.0,4.333,0.73,702.6,3.0,0.6041
Fe68Co4Y6B22,1414.0,4.42,0.78,158.3,3.0,0.6337
Fe68Mo4Y6B22,1488.0,4.34,0.78,240.9,3.0,0.6149
Fe68Mo5Ni5Cr2P12.5C5B2.5,1213.0,4.83,0.8,702.6,3.0,0.5670000000000001
Fe68Ni4Y6B22,1470.0,4.46,0.78,158.3,3.0,0.5932
Fe69.12Nb3.84B19.2Si3.84Y4,1424.0,4.3408,0.7696,340.6,3.0,0.63553
Fe69.84Nb3.88B19.4Si3.88Y3,1416.0,4.3756,0.7672,340.6,3.0,0.60664
Fe69Mo3Y6B22,1488.0,4.35,0.78,240.9,3.0,0.6102
Fe69Ni3Y6B22,1503.0,4.44,0.78,158.3,3.0,0.5815
Fe70.56Nb3.92B19.6Si3.92Y2,1416.0,4.4104,0.7648,340.6,3.0,0.6038100000000001
Fe70Co2Y6B22,1420.0,4.4,0.78,158.3,3.0,0.6324
Fe70Mo2Y6B22,1508.0,4.36,0.78,240.9,3.0,0.6015
Fe70Ni2Y6B22,1509.0,4.42,0.78,158.3,3.0,0.5832
Fe71.28Nb3.96B19.8Si3.96Y,1419.0,4.4452,0.7624,340.6,3.0,0.60254
Fe71MoY6B22,1517.0,4.37,0.78,240.9,3.0,0.5946
Fe71NiY6B22,1507.0,4.4,0.78,158.3,3.0,0.5859
Fe72B14.4Si9.6Nb4,1369.0,4.48,0.76,340.6,3.0,0.61
Fe72B19.2Si4.8Nb4,1475.0,4.48,0.76,340.6,3.0,0.5661
Fe72Nb4B20Si4,1420.0,4.48,0.76,340.6,3.0,0.59296
Fe72Y6B22,1419.0,4.38,0.78,158.3,3.0,0.6328
Fe73.5B14.7Si9.8Nb2,1425.0,4.49,0.755,340.6,3.0,0.57
Fe73Mo4Ga3P10C4B4Si2,1283.0,4.88,0.77,702.6,3.0,0.58
Fe74.25B14.85Si9.9Nb,1455.0,4.495,0.7525,340.6,3.0,0.56
Fe74.25B14.85Si9.9Zr,1469.0,4.475,0.7525,241.0,3.0,0.59
Fe74.5Mo5.5P12.5C5B2.5,1219.0,4.745,0.8,702.6,3.0,0.57
Fe74Mo4Ga2P10C4B4Si2,1276.0,4.84,0.78,702.6,3.0,0.58
Fe74Mo5P10C4B4Si3,1263.0,4.69,0.79,702.6,3.0,0.6
Fe74Nb6Y3B17,1391.0,4.71,0.83,340.6,3.0,0.59741
Fe74Si3.5C12.7Tm0.6P9.1,1318.0,4.444444444,0.740740741,702.6,3.0,0.544
Fe75.3Si3.5C12.9Tm.6P7.6,1284.0,4.522522523,0.7537537540000001,702.6,3.0,0.5351
Fe75Mo2Ga3P10C4B4Si2,1230.0,4.9,0.77,702.6,3.0,0.6
Fe75Mo4P10C4B4Si3,1227.0,4.7,0.79,702.6,3.0,0.613
Fe76Mo2Ga2P10C4B4Si2,1247.0,4.86,0.78,702.6,3.0,0.59
Fe76Mo3P10C4B4Si3,1250.0,4.71,0.79,702.6,3.0,0.6
Fe76Mo4P9C4B4Si3,1245.0,4.76,0.8,702.6,3.0,0.5976
Fe76Si9B10P5,1258.0,4.56,0.76,495.4,3.0,0.62
Fe77Mo2P10C4B4Si3,1264.0,4.72,0.79,702.6,3.0,0.5870000000000001
Fe78MoP10C4B4Si3,1268.0,4.73,0.79,702.6,3.0,0.585
Fe79P10C4B4Si3,1263.0,4.74,0.79,702.6,3.0,0.586
Fe79Si10B11,1419.0,4.74,0.79,158.3,3.0,0.5760000000000001
Fe80P13C7,1258.0,4.8,0.8,702.6,2.0,0.585
Fe91B9,1628.0,5.46,0.91,158.3,3.0,0.36855
Ga18Sr82,793.0,1.8,0.0,119.16,1.0,0.561
Gd36Al24Co20Y20,1048.0,1.96,0.4,102.5,0.0,0.575381679
Gd60Co25Al15,952.0,2.35,0.25,82.5,0.0,0.6008
Gd60Ni15Al25,1006.0,1.8,0.15,86.7,0.0,0.5994
Hf47Cu29.25Ni9.75Al14,1278.0,4.645,0.86,370.27,2.0,0.6182
Hf48Cu29.25Ni9.75Al13,1280.0,4.665,0.87,370.27,2.0,0.6133
Hf51Cu27.75Ni9.25Al12,1344.0,4.535,0.88,370.27,2.0,0.5781
Ho35Al24Co20Y21,1074.0,1.61,0.41,142.26,0.0,0.599627561
La32Ce32Al16Ni5Cu10Co5,718.0,2.39,0.2,108.77,2.0,0.57521
La32Ce32Al16Ni5Cu12Co3,709.0,2.45,0.2,108.77,2.0,0.5726399999999999
La32Ce32Al16Ni5Cu15,712.0,2.54,0.2,108.77,2.0,0.56601
La32Ce32Al16Ni5Cu5Co10,767.0,2.24,0.2,108.77,2.0,0.5528
La32Ce32Al16Ni5Cu7Co8,739.0,2.3,0.2,108.77,2.0,0.56292
La55Al15Ag10Cu20,787.0,3.55,0.3,148.94,1.0,0.5286
La55Al17.5Ag7.5Cu20,852.0,3.3,0.275,148.94,1.0,0.4988
La55Al20Ag5Cu20,823.0,3.05,0.25,148.94,1.0,0.5213
La55Al25Ag5Cu15,860.0,2.55,0.2,148.94,1.0,0.5256
La55Al25Cu20,896.0,2.55,0.2,108.77,1.0,0.50893
La55Al25Ni10Cu10,835.0,2.35,0.2,108.77,1.0,0.55976
La55Al25Ni15Cu5,899.6,2.25,0.2,108.77,1.0,0.52646
La55Al25Ni20,941.0,2.15,0.2,108.77,0.0,0.52179
La55Al25Ni5Cu10Co5,822.5,2.3,0.2,108.77,1.0,0.5655899999999999
La55Al25Ni5Cu15,878.1,2.45,0.2,108.77,1.0,0.52283
La60Al15Ag5Cu20,759.0,3.1,0.25,148.94,1.0,0.5283
La62.5Al12.5Ag5Cu15Co5,700.0,2.975,0.25,148.94,1.0,0.5671
La62.5Al12.5Ag5Cu15Fe5,713.0,2.925,0.25,148.94,4.0,0.547
La62.5Al12.5Ag5Cu17.5Co2.5,712.0,3.05,0.25,148.94,1.0,0.552
La62.5Al12.5Ag5Cu17.5Fe2.5,711.0,3.025,0.25,148.94,4.0,0.5499
La62.5Al12.5Ag5Cu20,721.0,3.125,0.25,148.94,1.0,0.5395
La62.5Al12.5Cu10Ni5Co5Ag5,691.0,2.875,0.25,148.94,1.0,0.585
La62.5Al12.5Cu15Ni5Ag5,717.0,3.025,0.25,148.94,1.0,0.545
La62Al14Cu16Ag8,744.0,3.02,0.24,148.94,1.0,0.54704
La62Al14Cu17Ag7,739.0,3.02,0.24,148.94,1.0,0.5493899999999999
La62Al14Cu18Ag6,736.0,3.02,0.24,148.94,1.0,0.5516300000000001
La62Al14Cu19Ag5,730.0,3.02,0.24,148.94,1.0,0.55479
La62Al14Cu20Ag4,729.0,3.02,0.24,148.94,1.0,0.55418
La62Al14Cu22Ag2,722.0,3.02,0.24,148.94,1.0,0.5554
La62Al14Cu24,734.0,3.02,0.24,108.77,1.0,0.54632
La62Cu12Ni12Al14,744.0,2.78,0.24,108.77,1.0,0.56855
La65Al10Ag5Cu20,716.0,3.15,0.25,148.94,1.0,0.5307
La65Al14Cu9.2Ag1.8Ni5Co5,687.0,2.5,0.21,148.94,1.0,0.61
La66Al14Cu20,731.0,2.66,0.2,108.77,1.0,0.5403600000000001
Mg30Sr70,699.0,0.0,0.0,9.3,0.0,0.5579999999999999
Mg35Sr65,756.0,0.0,0.0,9.3,0.0,0.507
Mg57Cu31.5Y8Nd3.5,778.0,3.23,0.395,265.7,1.0,0.54756
Mg57Cu31.5Y9.2Nd2.3,777.0,3.242,0.40700000000000003,265.7,1.0,0.55084
Mg57Cu31Y6.6Nd5.4,778.0,3.1660000000000004,0.376,265.7,1.0,0.54884
Mg58.5Cu30.5Gd11,753.0,3.16,0.305,184.11,1.0,0.56707
Mg58.5Cu30.5Y11,762.0,3.16,0.415,265.7,1.0,0.55381
Mg59.4Cu23Ag6.6Gd11,700.0,3.07,0.29600000000000004,184.11,1.0,0.607
Mg59Cu31Gd10,769.0,3.2,0.31,184.11,1.0,0.55137
Mg60.5Cu28.5Gd11,755.0,2.96,0.285,184.11,1.0,0.56291
Mg61.5Cu29.5Gd9,785.0,3.04,0.295,184.11,1.0,0.5515899999999999
Mg61Cu28Gd11,737.0,2.91,0.28,184.11,1.0,0.5725899999999999
Mg61Cu29Gd10,762.0,3.0,0.29,184.11,1.0,0.55118
Mg62.5Cu26.5Gd11,748.0,2.76,0.265,184.11,1.0,0.57086
Mg63.5Cu27.5Gd9,773.0,2.84,0.275,184.11,1.0,0.54981
Mg63Cu27Gd10,755.0,2.8,0.27,184.11,1.0,0.5536399999999999
Mg64.5Cu24.5Gd11,739.0,2.56,0.245,184.11,1.0,0.55886
Mg65.5Cu25.4Gd9,741.0,2.632632633,0.25425425399999996,184.11,1.0,0.55466
Mg65Cu15Ag10Er10,733.0,2.5,0.25,172.9,1.0,0.58254
Mg65Cu15Ag10Gd10,686.0,2.6,0.25,184.11,1.0,0.60641
Mg65Cu15Ag10Y10,694.0,2.6,0.35,265.7,1.0,0.616714697
Mg65Cu15Ag10Y2Gd8,683.0,2.6,0.27,265.7,1.0,0.61493
Mg65Cu15Ag10Y4Gd6,682.0,2.6,0.29,265.7,1.0,0.6217
Mg65Cu15Ag10Y6Gd4,685.0,2.6,0.31,265.7,1.0,0.623357664
Mg65Cu15Ag10Y8Gd2,690.0,2.6,0.33,265.7,1.0,0.620289855
Mg65Cu15Ag5Pd5Gd10,748.0,2.6,0.25,265.7,2.0,0.57487
Mg65Cu20Ni5Gd10,786.0,2.5,0.25,249.9,1.0,0.534351145
Mg65Cu25Dy10,750.0,2.5,0.25,172.9,1.0,0.56267
Mg65Cu25Er10,766.0,2.5,0.25,172.9,1.0,0.55091
Mg65Cu25Gd10,740.0,2.6,0.25,184.11,1.0,0.57162
Mg65Cu25Gd5Y5,755.0,2.6,0.3,265.7,1.0,0.54702
Mg65Cu25Ho10,751.0,2.5,0.25,172.9,1.0,0.5552600000000001
Mg65Cu25Nd10,744.0,2.5,0.25,172.9,1.0,0.56855
Mg65Cu25Pr10,784.0,2.5,0.25,205.03,1.0,0.52679
Mg65Cu25Tb10,733.0,2.5,0.25,172.9,2.0,0.564802183
Mg65Cu25Tb7Y3,736.0,2.53,0.28,265.7,2.0,0.565217391
Mg65Cu25Tb8Y2,734.0,2.52,0.27,265.7,2.0,0.568119891
Mg65Cu25Tb9Y,732.0,2.51,0.26,265.7,2.0,0.568306011
Mg65Cu25Y10,760.0,2.6,0.35,265.7,1.0,0.54342
Mg65Cu7.5Ni7.5Ag5Zn5Gd10,726.0,2.45,0.25,262.2,1.0,0.60606
Mg65Cu7.5Ni7.5Ag5Zn5Gd2.5Y7.5,735.0,2.45,0.325,278.0,1.0,0.58912
Mg65Cu7.5Ni7.5Ag5Zn5Gd5Y5,718.0,2.45,0.3,278.0,1.0,0.60446
Mg65Cu7.5Ni7.5Ag5Zn5Gd7.5Y2.5,719.0,2.45,0.275,278.0,1.0,0.60918
Mg65Cu7.5Ni7.5Zn5Ag5Y10,717.0,2.45,0.35,278.0,1.0,0.59414
Mg65Ni20Nd15,805.0,1.6,0.2,249.9,1.0,0.57019
Mg65Zr35,616.0,0.7,0.35,462.9,2.0,0.583
Mg70Ni15Nd15,844.0,1.2,0.15,249.9,1.0,0.55332
Mg75Ni15Nd10,790.0,1.2,0.15,249.9,1.0,0.56962
Mg77Ni18Nd5,887.0,1.44,0.18,249.9,1.0,0.48365
Mg80Ni10Nd10,878.0,0.8,0.1,249.9,1.0,0.51708
Mg90Ni5Nd5,919.0,0.4,0.05,249.9,1.0,0.46355
Nb38Ni62,1473.0,6.48,1.0,312.6,2.0,0.606
Nd60Al15Ni10Cu10Fe5,779.0,2.1,0.25,93.82,4.0,0.552
Nd60Fe30Al10,958.0,1.8,0.3,65.82,3.0,0.617
Nd61Al11Ni8Co5Cu15,744.0,2.49,0.28,93.82,1.0,0.598
Ni28Zr72,1313.0,3.68,1.0,213.0,1.0,0.489
Ni37Zr63,1313.0,4.22,1.0,213.0,1.0,0.5329999999999999
Ni40Zr60,1413.0,4.4,1.0,213.0,1.0,0.505
Ni42Ti19Zr22.5Al8Cu5Si3.5,1363.0,4.69,0.885,299.7,2.0,0.57227
Ni42Ti20Zr20.5Al8Cu5Si4.5,1364.0,4.67,0.875,299.7,2.0,0.55938
Ni42Ti20Zr21.5Al8Cu5Si3.5,1366.0,4.69,0.885,299.7,2.0,0.56662
Ni42Ti20Zr22.5Al8Cu5Si2.5,1367.0,4.71,0.895,299.7,2.0,0.56108
Ni42Ti20Zr25Al8Cu5,1366.0,4.76,0.92,299.7,2.0,0.5475800000000001
Ni43.2Fe28.8B19.2Si4.8Nb4,1348.0,5.343999999999999,0.76,340.6,3.0,0.5529999999999999
Ni50.4Fe21.6B19.2Si4.8Nb4,1356.0,5.4879999999999995,0.76,340.6,3.0,0.5529999999999999
Ni57.6Fe14.4B19.2Si4.8Nb4,1381.0,5.632000000000001,0.76,340.6,3.0,0.547
Ni59Zr16Ti13Si3Sn2Nb7,1301.0,5.78,0.95,399.73,2.0,0.6495
Ni59Zr20Ti16Si2Sn3,1272.0,5.74,0.95,300.13,1.0,0.64544
Ni59Zr20Ti16Si5,1304.0,5.44,0.95,231.5,1.0,0.6365
Ni59Zr20Ti16Sn5,1288.0,5.94,0.95,300.13,1.0,0.6358699999999999
Ni60Nb20Zr20,1391.0,6.0,1.0,312.6,2.0,0.61323
Ni60Nb25Zr15,1390.0,6.1,1.0,312.6,2.0,0.61871
Ni60Nb30Ta10,1559.0,6.3,1.0,359.5,2.0,0.5991
Ni60Nb30Zr10,1413.0,6.2,1.0,312.6,2.0,0.61925
Ni60Nb35Zr5,1458.0,6.3,1.0,312.6,2.0,0.60837
Ni60Nb40,1484.0,6.4,1.0,312.6,2.0,0.62871
Ni60Zr20Ti2.5Nb12.5Al5,1378.0,5.75,0.95,399.3,2.0,0.6067
Ni60Zr20Ti5Nb10Al5,1379.0,5.7,0.95,399.3,2.0,0.599
Ni60Zr20Ti7.5Nb7.5Al5,1385.0,5.65,0.95,399.3,2.0,0.595
Ni61Zr22Nb7Al4Ta6,1379.0,5.78,0.96,446.2,2.0,0.62872
Ni61Zr28Nb7Al4,1348.0,5.72,0.96,399.3,2.0,0.62908
Ni64.8Fe7.2B19.2Si4.8Nb4,1408.0,5.776,0.76,340.6,3.0,0.541
Ni64Zr36,1343.0,5.84,1.0,213.0,1.0,0.621
Ni65Zr35,1353.0,5.9,1.0,213.0,1.0,0.611
Ni66Zr34,1393.0,5.96,1.0,213.0,1.0,0.617
Ni69Cr8.5Nb3P13.5B6,1243.0,6.065,0.805,677.7,3.0,0.54
Ni69Cr8.5Nb3P14.5B5,1214.0,6.065,0.805,677.7,3.0,0.55
Ni69Cr8.5Nb3P15.5B4,1187.0,6.065,0.805,677.7,3.0,0.563
Ni69Cr8.5Nb3P16.5B3,1134.0,6.065,0.805,677.7,3.0,0.589
Ni69Cr8.5Nb3P18B1.5,1134.0,6.065,0.805,677.7,3.0,0.586
Ni69Cr8.5Nb3P19.5,1136.0,6.065,0.805,677.7,3.0,0.581
Ni72B19.2Si4.8Nb4,1446.0,5.92,0.76,331.1,2.0,0.5329999999999999
Ni75Si8B17,1419.0,6.0,0.75,148.8,1.0,0.583
Pd16Ni64P20,1048.0,6.72,0.8,380.9,2.0,0.541
Pd30Zr70,1343.0,4.4,1.0,197.2,0.0,0.506
Pd37.5Cu30Ni12.5P20,929.0,7.75,0.8,380.9,3.0,0.6157199999999999
Pd40Cu20Ni10P20,862.0,7.555555556,0.7777777779999999,380.9,3.0,0.67
Pd40Cu25Ni15P20,910.0,7.7,0.8,380.9,3.0,0.65495
Pd40Cu30Ni10P20,856.0,7.8,0.8,380.9,3.0,0.68458
Pd40Cu32.5Ni7.5P20,932.0,7.85,0.8,380.9,3.0,0.60944
Pd40Ni40P19S,884.0,7.2,0.8,383.3,3.0,0.6409999999999999
Pd40Ni40P20,905.0,7.2,0.8,380.9,2.0,0.63536
Pd42.5Cu27.5Ni10P20,871.0,7.8,0.8,380.9,3.0,0.6704899999999999
Pd42.5Cu30Ni7.5P20,834.0,7.85,0.8,380.9,3.0,0.68825
Pd45Cu25Ni10P20,884.0,7.8,0.8,380.9,3.0,0.67308
Pd45Cu30Ni5P20,861.0,7.9,0.8,380.9,3.0,0.67015
Pd48Ni32P20,923.0,7.36,0.8,380.9,2.0,0.612
Pd64.5Cu19Si16.5,1234.3,8.35,0.835,92.8,2.0,0.519
Pd64Ni16P20,983.0,7.68,0.8,380.9,2.0,0.5710000000000001
Pd71.5Cu12Si16.5,1154.0,8.35,0.835,92.8,2.0,0.56499
Pd73.5Cu10Si16.5,1136.0,8.35,0.835,92.8,2.0,0.5677800000000001
Pd75Si25,1343.0,7.5,0.75,34.3,0.0,0.48846000000000006
Pd77.5Cu6Si16.5,1058.0,8.35,0.835,92.8,2.0,0.6020800000000001
Pd77Cu6Si17,1128.0,8.3,0.83,92.8,2.0,0.56915
Pd79.5Au4Si16.5,1040.0,8.35,0.835,68.87,1.0,0.596
Pd79.5Cu4Si16.5,1086.0,8.35,0.835,92.8,2.0,0.5847100000000001
Pd79Cu2Ag4Si10P5,1006.0,8.5,0.85,380.9,3.0,0.60736
Pd79Cu3Ag3Si10P5,1005.0,8.5,0.85,380.9,3.0,0.60697
Pd79Cu4Ag2Si10P5,1005.0,8.5,0.85,380.9,3.0,0.60995
Pd79Cu5AgSi10P5,1001.0,8.5,0.85,380.9,3.0,0.61339
Pd79Cu6Si10P5,995.0,8.5,0.85,380.9,3.0,0.61206
Pd80Si20,1220.0,8.0,0.8,34.3,0.0,0.537
Pd81.5Cu2Si16.5,1097.3,8.35,0.835,92.8,2.0,0.5770000000000001
Pd81.5Cu2Si6.5,1097.0,9.277777777999999,0.9277777779999999,92.8,2.0,0.57703
Pd81Si19,1128.0,8.1,0.81,34.3,0.0,0.562
Pd82Si18,1071.0,8.2,0.82,34.3,0.0,0.6050399999999999
Pd83Si17,1092.0,8.3,0.83,34.3,0.0,0.579
Pd84Si16,1108.0,8.4,0.84,34.3,0.0,0.573
Pd95Si5,1688.0,9.5,0.95,34.3,0.0,0.38329
Pr60Fe30Al10,950.1,1.8,0.3,58.7,3.0,0.605
Pr68Cu25Al7,705.0,2.5,0.25,41.83,1.0,0.54184
Pt42.5Cu27Ni59.5P21,873.0,7.523333332999999,0.86,498.05,3.0,0.5899198170000001
Pt57.5Cu14.7Ni5.3P22.5,795.0,7.069,0.775,498.05,3.0,0.638993711
Pt60Cu16Co2P22,881.0,7.14,0.78,498.05,3.0,0.574347333
Sc36Al24Co20Y20,1048.0,1.96,0.76,102.5,0.0,0.631679389
Sm40Al25Co20Y15,950.0,1.55,0.35,201.67,0.0,0.621052632
Sm60Fe30Al10,946.6,1.8,0.3,157.87,3.0,0.626
Sr75Zn25,738.0,2.5,0.25,21.6,0.0,0.515
Tb36Al24Co20Y20,1021.0,1.6,0.4,102.5,1.0,0.606268364
Ti34Zr11Cu47Ni8,1169.2,6.24,1.0,290.0,2.0,0.59733
Ti40Zr10Cu30Pd20,1279.0,6.0,1.0,290.0,2.0,0.53714
Ti40Zr10Cu32Pd18,1272.0,6.0,1.0,290.0,2.0,0.53695
Ti40Zr10Cu34Pd16,1231.0,6.0,1.0,290.0,2.0,0.5459
Ti40Zr10Cu36Pd14,1191.0,6.0,1.0,290.0,2.0,0.5617
Ti40Zr10Cu38Pd12,1189.0,6.0,1.0,290.0,2.0,0.5601
Ti40Zr10Cu40Pd10,1184.0,6.0,1.0,290.0,2.0,0.55743
Ti40Zr25Ni8Cu9Be18,1009.0,2.84,0.82,293.5,2.0,0.61546
Ti41.5Zr2.5Hf5Cu37.5Ni7.5SiSn5,1176.0,5.83,0.94,370.7,2.0,0.58954
Ti41.5Zr2.5Hf5Cu42.5Ni7.5Si,1199.0,5.83,0.99,360.57,2.0,0.56714
Ti42.5Zr2.5Hf5Cu42.5Ni7.5,1203.0,5.85,1.0,360.57,2.0,0.56276
Ti45Ni15Cu25Sn3Be7Zr5,1142.0,5.0,0.9,300.13,2.0,0.59545
Ti47.5Zr2.5Cu42.5Ni7.5,1225.0,5.85,1.0,290.0,2.0,0.5493899999999999
Ti50Cu42.5Ni7.5,1226.0,5.85,1.0,124.7,2.0,0.5464899999999999
Ti50Ni15Cu25Sn3Be7,1207.0,5.0,0.9,134.83,2.0,0.57001
Ti50Ni15Cu32Sn3,1283.0,5.7,0.97,134.83,2.0,0.53
Ti50Ni24Cu20BSi2Sn3,1310.0,5.22,0.94,217.43,2.0,0.5542
Ti50Ni30Cu32Sn3,1283.0,6.0,0.9739130429999999,134.83,2.0,0.53468
Ti50Zr15Cu9Ni8Be18,1009.0,2.84,0.82,293.5,2.0,0.61645
Ti53Cu15Ni18.5Al7Si3Hf3B0.5,1230.0,4.1,0.895,370.27,2.0,0.56504
Ti53Cu15Ni18.5Al7Si3Sc3B0.5,1240.0,4.07,0.895,217.0,2.0,0.57177
Ti55Zr10Cu9Ni8Be18,1013.0,2.84,0.82,293.5,2.0,0.62093
Ti60Zr5Be18Cu9Ni8,1085.0,2.84,0.82,293.5,2.0,0.588
Ti63Be37,1353.0,1.26,0.63,128.2,2.0,0.49741
Ti65Be18Cu9Ni8,1136.0,2.84,0.82,128.2,2.0,0.5579999999999999
Y36Sc20Al24Co10Ni10,1010.0,2.06,0.76,102.5,0.0,0.63861
Y36Sc20Al24Co20,1034.0,1.96,0.76,102.5,0.0,0.62379
Y56Al24Co20,1078.0,1.96,0.76,102.5,0.0,0.5899800000000001
Y60Fe30Al10,1225.4,2.4,0.9,102.5,3.0,0.467
Zr26Ti10Cu8Ni8Be20Y4Mg24,951.0,2.2,0.56,462.9,2.0,0.6834899999999999
Zr36Nb12Cu10Ni6Fe2Be20Y2Mg12,1029.0,2.82,0.68,562.5,4.0,0.65112
Zr36Nb12Cu10Ni8Be20Y2Mg12,1029.0,2.86,0.68,562.5,3.0,0.6346
Zr38.5Ti16.5Ni9.75Cu15.25Be20,1003.0,3.405,0.8,293.5,2.0,0.62812
Zr39.88Ti15.12Ni9.98Cu13.77Be21.25,1006.0,3.2754,0.7875,293.5,2.0,0.62525
Zr40Ti15Cu11Ni11Be21.5YMg0.5,975.0,3.09,0.78,462.9,2.0,0.64615
Zr41.2Ti13.8Cu12.5Ni10Be22.5,996.0,3.15,0.775,293.5,2.0,0.6255
Zr41Ti14Cu12.5Ni2Be22.5C8,992.0,2.51,0.695,418.0,2.0,0.63407
Zr41Ti14Cu12.5Ni8Be22.5C2,997.0,2.99,0.755,418.0,2.0,0.62989
Zr42.63Ti12.37Cu11.25Ni10Be23.75,1057.0,3.025,0.7625,293.5,2.0,0.5894
Zr44Cu51Al5,1189.0,5.98,0.95,299.7,2.0,0.605
Zr44Ti11Cu10Ni10Be25,1206.0,2.9,0.75,293.5,2.0,0.5182399999999999
Zr45.38Ti9.62Cu8.75Ni10Be26.25,1239.0,2.775,0.7375,293.5,2.0,0.5028199999999999
Zr45Cu47Al8,1195.0,5.6,0.92,299.7,2.0,0.604
Zr45Cu48Al7,1188.0,5.7,0.93,299.7,2.0,0.606
Zr45Cu49Al6,1178.0,5.8,0.94,299.7,2.0,0.609
Zr46.25Ti8.25Cu7.5Ni10Be27.5,1185.0,2.653266332,0.72361809,293.5,2.0,0.525
Zr46.75Ti8.25Cu7.5Ni10Be27.5,1185.0,2.65,0.725,293.5,2.0,0.52489
Zr46.75Ti8.25Cu8.25Ni10Be275,1050.0,0.7824838479999999,0.210337401,293.5,2.0,0.5670000000000001
Zr46Cu44Al10,1223.0,5.32,0.9,299.7,2.0,0.594
Zr46Cu49Al5,1193.0,5.82,0.95,299.7,2.0,0.596
Zr47Cu45Al8,1218.0,5.44,0.92,299.7,2.0,0.586
Zr47Cu49Al4,1204.0,5.84,0.96,299.7,2.0,0.585
Zr48Cu34Pd2Ag8Al8,1140.0,5.36,0.92,339.87,2.0,0.613
Zr48Cu36Ag8Al8,1143.0,5.36,0.92,339.87,2.0,0.604
Zr48Cu37Al7Ag8,1125.0,5.46,0.93,339.87,2.0,0.62044
Zr48Cu40Al7Ag5,1121.0,5.46,0.93,339.87,2.0,0.62355
Zr48Cu42Al7Ag3,1135.0,5.46,0.93,339.87,2.0,0.61674
Zr48Cu43Al7Ag2,1152.0,5.46,0.93,339.87,2.0,0.60764
Zr48Cu46Al6,1192.0,5.56,0.94,299.7,2.0,0.5920000000000001
Zr48Nb8Cu12Fe8Be24,1071.0,2.96,0.76,393.1,4.0,0.61438
Zr48Nb8Cu14Ni12Be18,1072.0,3.64,0.82,393.1,3.0,0.6119399999999999
Zr49Cu44Al7,1184.0,5.38,0.93,299.7,2.0,0.595
Zr49Cu45Al6,1187.0,5.48,0.94,299.7,2.0,0.593
Zr49Cu46Al5,1195.0,5.58,0.95,299.7,2.0,0.5870000000000001
Zr49Cu47Al4,1208.0,5.68,0.96,299.7,2.0,0.5770000000000001
Zr50Cu36Al14,1188.0,4.6,0.86,299.7,2.0,0.609
Zr50Cu38Ag12,1187.0,6.0,1.0,339.87,2.0,0.5586
Zr50Cu38Al12,1170.0,4.8,0.88,299.7,2.0,0.617
Zr50Cu40Ag10,1177.0,6.0,1.0,339.87,2.0,0.5667
Zr50Cu40Al10,1176.0,5.0,0.9,299.7,2.0,0.607
Zr50Cu43Ag7,1171.0,6.0,1.0,339.87,2.0,0.5713
Zr50Cu43Al7,1181.0,5.3,0.93,299.7,2.0,0.595
Zr50Cu45Ag5,1188.0,6.0,1.0,339.87,2.0,0.5631
Zr50Cu48Ag2,1192.0,6.0,1.0,339.87,2.0,0.5604
Zr51Cu20.7Ni12Al16.3,1132.0,4.05,0.8370000000000001,299.7,2.0,0.63781
Zr52.5Cu17.9Ni14.5Al10Ti5,1091.0,4.104104104,0.8998999,299.7,2.0,0.606
Zr52Cu38Al10,1181.0,4.84,0.9,299.7,2.0,0.606
Zr53Al14Ni10Cu19Y4,1069.0,3.8,0.86,299.7,2.0,0.62488
Zr54Al15Ni10Cu19Y2,1112.0,3.8,0.85,299.7,2.0,0.6420899999999999
Zr54Cu36Al10,1176.0,4.68,0.9,299.7,2.0,0.594
Zr54Cu38Al8,1190.0,4.88,0.92,299.7,2.0,0.581
Zr54Cu40Al6,1216.0,5.08,0.94,299.7,2.0,0.56
Zr55Al20Co25,1245.0,2.85,0.8,299.7,1.0,0.61124
Zr55Cu35Al10,1144.0,4.6,0.9,299.7,2.0,0.601
Zr56Cu36Al8,1212.0,4.72,0.92,299.7,2.0,0.565
Zr57Nb5Cu15.4Ni12.6Al10,1115.0,3.888,0.9,399.3,3.0,0.604
Zr57Ti5Al10Cu20Ni8,1145.2,3.88,0.9,299.7,2.0,0.5909
Zr58.5Nb2.8Cu15.6Ni12.8Al10.3,1101.0,3.866,0.897,399.3,3.0,0.605
Zr58Cu36Al6,1245.0,4.76,0.94,299.7,2.0,0.539
Zr60Cu30Al10,1151.0,4.2,0.9,299.7,2.0,0.583
Zr60Cu40Al10,1123.0,4.727272727,0.9090909090000001,299.7,2.0,0.619
Zr63.8Al11.4Ni17.2Cu7.6,1153.0,3.412,0.8859999999999999,299.7,2.0,0.5820000000000001
Zr64.5Al9.2Ni13.2Cu13.1,1138.0,3.656,0.9079999999999999,299.7,2.0,0.578
Zr64.8Al8.3Ni11.4Cu15.5,1143.0,3.758,0.917,299.7,2.0,0.5720000000000001
Zr65.3Al6.5Ni8.2Cu20,1188.0,3.9619999999999997,0.935,299.7,2.0,0.539
Zr65.5Al5.6Ni6.5Cu22.4,1211.0,4.07,0.9440000000000001,299.7,2.0,0.52023
Zr65Al7.5Cu17.5Ni10,1167.6,3.85,0.925,299.7,2.0,0.56226
Zr65Be35,1238.0,1.3,0.65,293.5,2.0,0.5032300000000001
Zr66Al8Cu12Ni14,1172.1,3.64,0.92,299.7,2.0,0.55891
Zr66Al8Cu7Ni19,1200.8,3.54,0.92,299.7,2.0,0.55155
Zr66Al8Ni26,1251.0,3.4,0.92,299.7,1.0,0.53717
Zr66Al9Cu16Ni9,1170.6,3.64,0.91,299.7,2.0,0.56142
