time (min),velocity (m/s),d0,n0,d,n,B d,Bn
30,0.8,0.90621,1.811,0.86399399,1.43751002,0.06517,0.07185
60,0.8,0.90621,1.811,0.847784529,1.365091912,0.06517,0.07185
120,0.8,0.90621,1.811,0.838540096,1.344356432,0.06517,0.07185
180,0.8,0.90621,1.811,0.836219134,1.338721443,0.06517,0.07185
240,0.8,0.90621,1.811,0.834874068,1.333640628,0.06517,0.07185
300,0.8,0.90621,1.811,0.833667799,1.328597924,0.06517,0.07185
400,0.8,0.90621,1.811,0.831694974,1.320236879,0.06517,0.07185
500,0.8,0.90621,1.811,0.829730206,1.311928477,0.06517,0.07185
600,0.8,0.90621,1.811,0.827770207,1.30367236,0.06517,0.07185
700,0.8,0.90621,1.811,0.825814843,1.2954682,0.06517,0.07185
800,0.8,0.90621,1.811,0.823864099,1.28731567,0.06517,0.07185
900,0.8,0.90621,1.811,0.821917963,1.279214445,0.06517,0.07185
1000,0.8,0.90621,1.811,0.819976423,1.271164201,0.06517,0.07185
1100,0.8,0.90621,1.811,0.818039471,1.263164619,0.06517,0.07185
1200,0.8,0.90621,1.811,0.816107093,1.255215379,0.06517,0.07185
30,0.8,0.86399399,1.43751002,0.847784529,1.365091912,0.06517,0.07185
90,0.8,0.86399399,1.43751002,0.838540096,1.344356432,0.06517,0.07185
150,0.8,0.86399399,1.43751002,0.836219134,1.338721443,0.06517,0.07185
210,0.8,0.86399399,1.43751002,0.834874068,1.333640628,0.06517,0.07185
270,0.8,0.86399399,1.43751002,0.833667799,1.328597924,0.06517,0.07185
370,0.8,0.86399399,1.43751002,0.831694974,1.320236879,0.06517,0.07185
470,0.8,0.86399399,1.43751002,0.829730206,1.311928477,0.06517,0.07185
570,0.8,0.86399399,1.43751002,0.827770207,1.30367236,0.06517,0.07185
670,0.8,0.86399399,1.43751002,0.825814843,1.2954682,0.06517,0.07185
770,0.8,0.86399399,1.43751002,0.823864099,1.28731567,0.06517,0.07185
870,0.8,0.86399399,1.43751002,0.821917963,1.279214445,0.06517,0.07185
970,0.8,0.86399399,1.43751002,0.819976423,1.271164201,0.06517,0.07185
1070,0.8,0.86399399,1.43751002,0.818039471,1.263164619,0.06517,0.07185
1170,0.8,0.86399399,1.43751002,0.816107093,1.255215379,0.06517,0.07185
60,0.8,0.847784529,1.365091912,0.838540096,1.344356432,0.06517,0.07185
120,0.8,0.847784529,1.365091912,0.836219134,1.338721443,0.06517,0.07185
180,0.8,0.847784529,1.365091912,0.834874068,1.333640628,0.06517,0.07185
240,0.8,0.847784529,1.365091912,0.833667799,1.328597924,0.06517,0.07185
340,0.8,0.847784529,1.365091912,0.831694974,1.320236879,0.06517,0.07185
440,0.8,0.847784529,1.365091912,0.829730206,1.311928477,0.06517,0.07185
540,0.8,0.847784529,1.365091912,0.827770207,1.30367236,0.06517,0.07185
640,0.8,0.847784529,1.365091912,0.825814843,1.2954682,0.06517,0.07185
740,0.8,0.847784529,1.365091912,0.823864099,1.28731567,0.06517,0.07185
840,0.8,0.847784529,1.365091912,0.821917963,1.279214445,0.06517,0.07185
940,0.8,0.847784529,1.365091912,0.819976423,1.271164201,0.06517,0.07185
1040,0.8,0.847784529,1.365091912,0.818039471,1.263164619,0.06517,0.07185
1140,0.8,0.847784529,1.365091912,0.816107093,1.255215379,0.06517,0.07185
60,0.8,0.838540096,1.344356432,0.836219134,1.338721443,0.06517,0.07185
120,0.8,0.838540096,1.344356432,0.834874068,1.333640628,0.06517,0.07185
180,0.8,0.838540096,1.344356432,0.833667799,1.328597924,0.06517,0.07185
280,0.8,0.838540096,1.344356432,0.831694974,1.320236879,0.06517,0.07185
380,0.8,0.838540096,1.344356432,0.829730206,1.311928477,0.06517,0.07185
480,0.8,0.838540096,1.344356432,0.827770207,1.30367236,0.06517,0.07185
580,0.8,0.838540096,1.344356432,0.825814843,1.2954682,0.06517,0.07185
680,0.8,0.838540096,1.344356432,0.823864099,1.28731567,0.06517,0.07185
780,0.8,0.838540096,1.344356432,0.821917963,1.279214445,0.06517,0.07185
880,0.8,0.838540096,1.344356432,0.819976423,1.271164201,0.06517,0.07185
980,0.8,0.838540096,1.344356432,0.818039471,1.263164619,0.06517,0.07185
1080,0.8,0.838540096,1.344356432,0.816107093,1.255215379,0.06517,0.07185
60,0.8,0.836219134,1.338721443,0.834874068,1.333640628,0.06517,0.07185
120,0.8,0.836219134,1.338721443,0.833667799,1.328597924,0.06517,0.07185
220,0.8,0.836219134,1.338721443,0.831694974,1.320236879,0.06517,0.07185
320,0.8,0.836219134,1.338721443,0.829730206,1.311928477,0.06517,0.07185
420,0.8,0.836219134,1.338721443,0.827770207,1.30367236,0.06517,0.07185
520,0.8,0.836219134,1.338721443,0.825814843,1.2954682,0.06517,0.07185
620,0.8,0.836219134,1.338721443,0.823864099,1.28731567,0.06517,0.07185
720,0.8,0.836219134,1.338721443,0.821917963,1.279214445,0.06517,0.07185
820,0.8,0.836219134,1.338721443,0.819976423,1.271164201,0.06517,0.07185
920,0.8,0.836219134,1.338721443,0.818039471,1.263164619,0.06517,0.07185
1020,0.8,0.836219134,1.338721443,0.816107093,1.255215379,0.06517,0.07185
60,0.8,0.834874068,1.333640628,0.833667799,1.328597924,0.06517,0.07185
160,0.8,0.834874068,1.333640628,0.831694974,1.320236879,0.06517,0.07185
260,0.8,0.834874068,1.333640628,0.829730206,1.311928477,0.06517,0.07185
360,0.8,0.834874068,1.333640628,0.827770207,1.30367236,0.06517,0.07185
460,0.8,0.834874068,1.333640628,0.825814843,1.2954682,0.06517,0.07185
560,0.8,0.834874068,1.333640628,0.823864099,1.28731567,0.06517,0.07185
660,0.8,0.834874068,1.333640628,0.821917963,1.279214445,0.06517,0.07185
760,0.8,0.834874068,1.333640628,0.819976423,1.271164201,0.06517,0.07185
860,0.8,0.834874068,1.333640628,0.818039471,1.263164619,0.06517,0.07185
960,0.8,0.834874068,1.333640628,0.816107093,1.255215379,0.06517,0.07185
100,0.8,0.833667799,1.328597924,0.831694974,1.320236879,0.06517,0.07185
200,0.8,0.833667799,1.328597924,0.829730206,1.311928477,0.06517,0.07185
300,0.8,0.833667799,1.328597924,0.827770207,1.30367236,0.06517,0.07185
400,0.8,0.833667799,1.328597924,0.825814843,1.2954682,0.06517,0.07185
500,0.8,0.833667799,1.328597924,0.823864099,1.28731567,0.06517,0.07185
600,0.8,0.833667799,1.328597924,0.821917963,1.279214445,0.06517,0.07185
700,0.8,0.833667799,1.328597924,0.819976423,1.271164201,0.06517,0.07185
800,0.8,0.833667799,1.328597924,0.818039471,1.263164619,0.06517,0.07185
900,0.8,0.833667799,1.328597924,0.816107093,1.255215379,0.06517,0.07185
100,0.8,0.831694974,1.320236879,0.829730206,1.311928477,0.06517,0.07185
200,0.8,0.831694974,1.320236879,0.827770207,1.30367236,0.06517,0.07185
300,0.8,0.831694974,1.320236879,0.825814843,1.2954682,0.06517,0.07185
400,0.8,0.831694974,1.320236879,0.823864099,1.28731567,0.06517,0.07185
500,0.8,0.831694974,1.320236879,0.821917963,1.279214445,0.06517,0.07185
600,0.8,0.831694974,1.320236879,0.819976423,1.271164201,0.06517,0.07185
700,0.8,0.831694974,1.320236879,0.818039471,1.263164619,0.06517,0.07185
800,0.8,0.831694974,1.320236879,0.816107093,1.255215379,0.06517,0.07185
100,0.8,0.829730206,1.311928477,0.827770207,1.30367236,0.06517,0.07185
200,0.8,0.829730206,1.311928477,0.825814843,1.2954682,0.06517,0.07185
300,0.8,0.829730206,1.311928477,0.823864099,1.28731567,0.06517,0.07185
400,0.8,0.829730206,1.311928477,0.821917963,1.279214445,0.06517,0.07185
500,0.8,0.829730206,1.311928477,0.819976423,1.271164201,0.06517,0.07185
600,0.8,0.829730206,1.311928477,0.818039471,1.263164619,0.06517,0.07185
700,0.8,0.829730206,1.311928477,0.816107093,1.255215379,0.06517,0.07185
100,0.8,0.827770207,1.30367236,0.825814843,1.2954682,0.06517,0.07185
200,0.8,0.827770207,1.30367236,0.823864099,1.28731567,0.06517,0.07185
300,0.8,0.827770207,1.30367236,0.821917963,1.279214445,0.06517,0.07185
400,0.8,0.827770207,1.30367236,0.819976423,1.271164201,0.06517,0.07185
500,0.8,0.827770207,1.30367236,0.818039471,1.263164619,0.06517,0.07185
600,0.8,0.827770207,1.30367236,0.816107093,1.255215379,0.06517,0.07185
100,0.8,0.825814843,1.2954682,0.823864099,1.28731567,0.06517,0.07185
200,0.8,0.825814843,1.2954682,0.821917963,1.279214445,0.06517,0.07185
300,0.8,0.825814843,1.2954682,0.819976423,1.271164201,0.06517,0.07185
400,0.8,0.825814843,1.2954682,0.818039471,1.263164619,0.06517,0.07185
500,0.8,0.825814843,1.2954682,0.816107093,1.255215379,0.06517,0.07185
100,0.8,0.823864099,1.28731567,0.821917963,1.279214445,0.06517,0.07185
200,0.8,0.823864099,1.28731567,0.819976423,1.271164201,0.06517,0.07185
300,0.8,0.823864099,1.28731567,0.818039471,1.263164619,0.06517,0.07185
400,0.8,0.823864099,1.28731567,0.816107093,1.255215379,0.06517,0.07185
100,0.8,0.821917963,1.279214445,0.819976423,1.271164201,0.06517,0.07185
200,0.8,0.821917963,1.279214445,0.818039471,1.263164619,0.06517,0.07185
300,0.8,0.821917963,1.279214445,0.816107093,1.255215379,0.06517,0.07185
100,0.8,0.819976423,1.271164201,0.818039471,1.263164619,0.06517,0.07185
200,0.8,0.819976423,1.271164201,0.816107093,1.255215379,0.06517,0.07185
100,0.8,0.818039471,1.263164619,0.816107093,1.255215379,0.06517,0.07185
30,1,0.90694,1.8062,0.879626379,1.633047149,0.06517,0.07185
60,1,0.90694,1.8062,0.86297876,1.547266967,0.06517,0.07185
120,1,0.90694,1.8062,0.846637575,1.483536221,0.06517,0.07185
180,1,0.90694,1.8062,0.840547053,1.467577437,0.06517,0.07185
240,1,0.90694,1.8062,0.83826087,1.463309999,0.06517,0.07185
300,1,0.90694,1.8062,0.837386598,1.461903903,0.06517,0.07185
400,1,0.90694,1.8062,0.836920731,1.460834293,0.06517,0.07185
500,1,0.90694,1.8062,0.836776179,1.460010755,0.06517,0.07185
600,1,0.90694,1.8062,0.836693217,1.459211172,0.06517,0.07185
700,1,0.90694,1.8062,0.836622063,1.458414276,0.06517,0.07185
800,1,0.90694,1.8062,0.836553177,1.45761803,0.06517,0.07185
900,1,0.90694,1.8062,0.836484731,1.45682224,0.06517,0.07185
1000,1,0.90694,1.8062,0.836416373,1.456026886,0.06517,0.07185
1100,1,0.90694,1.8062,0.836348037,1.455231967,0.06517,0.07185
1200,1,0.90694,1.8062,0.83627971,1.454437482,0.06517,0.07185
30,1,0.879626379,1.633047149,0.86297876,1.547266967,0.06517,0.07185
90,1,0.879626379,1.633047149,0.846637575,1.483536221,0.06517,0.07185
150,1,0.879626379,1.633047149,0.840547053,1.467577437,0.06517,0.07185
210,1,0.879626379,1.633047149,0.83826087,1.463309999,0.06517,0.07185
270,1,0.879626379,1.633047149,0.837386598,1.461903903,0.06517,0.07185
370,1,0.879626379,1.633047149,0.836920731,1.460834293,0.06517,0.07185
470,1,0.879626379,1.633047149,0.836776179,1.460010755,0.06517,0.07185
570,1,0.879626379,1.633047149,0.836693217,1.459211172,0.06517,0.07185
670,1,0.879626379,1.633047149,0.836622063,1.458414276,0.06517,0.07185
770,1,0.879626379,1.633047149,0.836553177,1.45761803,0.06517,0.07185
870,1,0.879626379,1.633047149,0.836484731,1.45682224,0.06517,0.07185
970,1,0.879626379,1.633047149,0.836416373,1.456026886,0.06517,0.07185
1070,1,0.879626379,1.633047149,0.836348037,1.455231967,0.06517,0.07185
1170,1,0.879626379,1.633047149,0.83627971,1.454437482,0.06517,0.07185
60,1,0.86297876,1.547266967,0.846637575,1.483536221,0.06517,0.07185
120,1,0.86297876,1.547266967,0.840547053,1.467577437,0.06517,0.07185
180,1,0.86297876,1.547266967,0.83826087,1.463309999,0.06517,0.07185
240,1,0.86297876,1.547266967,0.837386598,1.461903903,0.06517,0.07185
340,1,0.86297876,1.547266967,0.836920731,1.460834293,0.06517,0.07185
440,1,0.86297876,1.547266967,0.836776179,1.460010755,0.06517,0.07185
540,1,0.86297876,1.547266967,0.836693217,1.459211172,0.06517,0.07185
640,1,0.86297876,1.547266967,0.836622063,1.458414276,0.06517,0.07185
740,1,0.86297876,1.547266967,0.836553177,1.45761803,0.06517,0.07185
840,1,0.86297876,1.547266967,0.836484731,1.45682224,0.06517,0.07185
940,1,0.86297876,1.547266967,0.836416373,1.456026886,0.06517,0.07185
1040,1,0.86297876,1.547266967,0.836348037,1.455231967,0.06517,0.07185
1140,1,0.86297876,1.547266967,0.83627971,1.454437482,0.06517,0.07185
60,1,0.846637575,1.483536221,0.840547053,1.467577437,0.06517,0.07185
120,1,0.846637575,1.483536221,0.83826087,1.463309999,0.06517,0.07185
180,1,0.846637575,1.483536221,0.837386598,1.461903903,0.06517,0.07185
280,1,0.846637575,1.483536221,0.836920731,1.460834293,0.06517,0.07185
380,1,0.846637575,1.483536221,0.836776179,1.460010755,0.06517,0.07185
480,1,0.846637575,1.483536221,0.836693217,1.459211172,0.06517,0.07185
580,1,0.846637575,1.483536221,0.836622063,1.458414276,0.06517,0.07185
680,1,0.846637575,1.483536221,0.836553177,1.45761803,0.06517,0.07185
780,1,0.846637575,1.483536221,0.836484731,1.45682224,0.06517,0.07185
880,1,0.846637575,1.483536221,0.836416373,1.456026886,0.06517,0.07185
980,1,0.846637575,1.483536221,0.836348037,1.455231967,0.06517,0.07185
1080,1,0.846637575,1.483536221,0.83627971,1.454437482,0.06517,0.07185
60,1,0.840547053,1.467577437,0.83826087,1.463309999,0.06517,0.07185
120,1,0.840547053,1.467577437,0.837386598,1.461903903,0.06517,0.07185
220,1,0.840547053,1.467577437,0.836920731,1.460834293,0.06517,0.07185
320,1,0.840547053,1.467577437,0.836776179,1.460010755,0.06517,0.07185
420,1,0.840547053,1.467577437,0.836693217,1.459211172,0.06517,0.07185
520,1,0.840547053,1.467577437,0.836622063,1.458414276,0.06517,0.07185
620,1,0.840547053,1.467577437,0.836553177,1.45761803,0.06517,0.07185
720,1,0.840547053,1.467577437,0.836484731,1.45682224,0.06517,0.07185
820,1,0.840547053,1.467577437,0.836416373,1.456026886,0.06517,0.07185
920,1,0.840547053,1.467577437,0.836348037,1.455231967,0.06517,0.07185
1020,1,0.840547053,1.467577437,0.83627971,1.454437482,0.06517,0.07185
60,1,0.83826087,1.463309999,0.837386598,1.461903903,0.06517,0.07185
160,1,0.83826087,1.463309999,0.836920731,1.460834293,0.06517,0.07185
260,1,0.83826087,1.463309999,0.836776179,1.460010755,0.06517,0.07185
360,1,0.83826087,1.463309999,0.836693217,1.459211172,0.06517,0.07185
460,1,0.83826087,1.463309999,0.836622063,1.458414276,0.06517,0.07185
560,1,0.83826087,1.463309999,0.836553177,1.45761803,0.06517,0.07185
660,1,0.83826087,1.463309999,0.836484731,1.45682224,0.06517,0.07185
760,1,0.83826087,1.463309999,0.836416373,1.456026886,0.06517,0.07185
860,1,0.83826087,1.463309999,0.836348037,1.455231967,0.06517,0.07185
960,1,0.83826087,1.463309999,0.83627971,1.454437482,0.06517,0.07185
100,1,0.837386598,1.461903903,0.836920731,1.460834293,0.06517,0.07185
200,1,0.837386598,1.461903903,0.836776179,1.460010755,0.06517,0.07185
300,1,0.837386598,1.461903903,0.836693217,1.459211172,0.06517,0.07185
400,1,0.837386598,1.461903903,0.836622063,1.458414276,0.06517,0.07185
500,1,0.837386598,1.461903903,0.836553177,1.45761803,0.06517,0.07185
600,1,0.837386598,1.461903903,0.836484731,1.45682224,0.06517,0.07185
700,1,0.837386598,1.461903903,0.836416373,1.456026886,0.06517,0.07185
800,1,0.837386598,1.461903903,0.836348037,1.455231967,0.06517,0.07185
900,1,0.837386598,1.461903903,0.83627971,1.454437482,0.06517,0.07185
100,1,0.836920731,1.460834293,0.836776179,1.460010755,0.06517,0.07185
200,1,0.836920731,1.460834293,0.836693217,1.459211172,0.06517,0.07185
300,1,0.836920731,1.460834293,0.836622063,1.458414276,0.06517,0.07185
400,1,0.836920731,1.460834293,0.836553177,1.45761803,0.06517,0.07185
500,1,0.836920731,1.460834293,0.836484731,1.45682224,0.06517,0.07185
600,1,0.836920731,1.460834293,0.836416373,1.456026886,0.06517,0.07185
700,1,0.836920731,1.460834293,0.836348037,1.455231967,0.06517,0.07185
800,1,0.836920731,1.460834293,0.83627971,1.454437482,0.06517,0.07185
100,1,0.836776179,1.460010755,0.836693217,1.459211172,0.06517,0.07185
200,1,0.836776179,1.460010755,0.836622063,1.458414276,0.06517,0.07185
300,1,0.836776179,1.460010755,0.836553177,1.45761803,0.06517,0.07185
400,1,0.836776179,1.460010755,0.836484731,1.45682224,0.06517,0.07185
500,1,0.836776179,1.460010755,0.836416373,1.456026886,0.06517,0.07185
600,1,0.836776179,1.460010755,0.836348037,1.455231967,0.06517,0.07185
700,1,0.836776179,1.460010755,0.83627971,1.454437482,0.06517,0.07185
100,1,0.836693217,1.459211172,0.836622063,1.458414276,0.06517,0.07185
200,1,0.836693217,1.459211172,0.836553177,1.45761803,0.06517,0.07185
300,1,0.836693217,1.459211172,0.836484731,1.45682224,0.06517,0.07185
400,1,0.836693217,1.459211172,0.836416373,1.456026886,0.06517,0.07185
500,1,0.836693217,1.459211172,0.836348037,1.455231967,0.06517,0.07185
600,1,0.836693217,1.459211172,0.83627971,1.454437482,0.06517,0.07185
100,1,0.836622063,1.458414276,0.836553177,1.45761803,0.06517,0.07185
200,1,0.836622063,1.458414276,0.836484731,1.45682224,0.06517,0.07185
300,1,0.836622063,1.458414276,0.836416373,1.456026886,0.06517,0.07185
400,1,0.836622063,1.458414276,0.836348037,1.455231967,0.06517,0.07185
500,1,0.836622063,1.458414276,0.83627971,1.454437482,0.06517,0.07185
100,1,0.836553177,1.45761803,0.836484731,1.45682224,0.06517,0.07185
200,1,0.836553177,1.45761803,0.836416373,1.456026886,0.06517,0.07185
300,1,0.836553177,1.45761803,0.836348037,1.455231967,0.06517,0.07185
400,1,0.836553177,1.45761803,0.83627971,1.454437482,0.06517,0.07185
100,1,0.836484731,1.45682224,0.836416373,1.456026886,0.06517,0.07185
200,1,0.836484731,1.45682224,0.836348037,1.455231967,0.06517,0.07185
300,1,0.836484731,1.45682224,0.83627971,1.454437482,0.06517,0.07185
100,1,0.836416373,1.456026886,0.836348037,1.455231967,0.06517,0.07185
200,1,0.836416373,1.456026886,0.83627971,1.454437482,0.06517,0.07185
100,1,0.836348037,1.455231967,0.83627971,1.454437482,0.06517,0.07185
30,1.3,0.90723,1.8108,0.8853685,1.795408409,0.06517,0.07185
60,1.3,0.90723,1.8108,0.87669708,1.781750141,0.06517,0.07185
120,1.3,0.90723,1.8108,0.871452249,1.758883063,0.06517,0.07185
180,1.3,0.90723,1.8108,0.869949058,1.740898553,0.06517,0.07185
240,1.3,0.90723,1.8108,0.869000091,1.726769831,0.06517,0.07185
300,1.3,0.90723,1.8108,0.868133823,1.715686046,0.06517,0.07185
400,1.3,0.90723,1.8108,0.866713222,1.702302286,0.06517,0.07185
500,1.3,0.90723,1.8108,0.865297206,1.693462473,0.06517,0.07185
600,1.3,0.90723,1.8108,0.863883597,1.687688489,0.06517,0.07185
700,1.3,0.90723,1.8108,0.862472302,1.683983059,0.06517,0.07185
800,1.3,0.90723,1.8108,0.861063312,1.681673331,0.06517,0.07185
900,1.3,0.90723,1.8108,0.859656623,1.680305338,0.06517,0.07185
1000,1.3,0.90723,1.8108,0.858252233,1.67957279,0.06517,0.07185
1100,1.3,0.90723,1.8108,0.856850137,1.67926904,0.06517,0.07185
1200,1.3,0.90723,1.8108,0.855450332,1.679254661,0.06517,0.07185
30,1.3,0.8853685,1.795408409,0.87669708,1.781750141,0.06517,0.07185
90,1.3,0.8853685,1.795408409,0.871452249,1.758883063,0.06517,0.07185
150,1.3,0.8853685,1.795408409,0.869949058,1.740898553,0.06517,0.07185
210,1.3,0.8853685,1.795408409,0.869000091,1.726769831,0.06517,0.07185
270,1.3,0.8853685,1.795408409,0.868133823,1.715686046,0.06517,0.07185
370,1.3,0.8853685,1.795408409,0.866713222,1.702302286,0.06517,0.07185
470,1.3,0.8853685,1.795408409,0.865297206,1.693462473,0.06517,0.07185
570,1.3,0.8853685,1.795408409,0.863883597,1.687688489,0.06517,0.07185
670,1.3,0.8853685,1.795408409,0.862472302,1.683983059,0.06517,0.07185
770,1.3,0.8853685,1.795408409,0.861063312,1.681673331,0.06517,0.07185
870,1.3,0.8853685,1.795408409,0.859656623,1.680305338,0.06517,0.07185
970,1.3,0.8853685,1.795408409,0.858252233,1.67957279,0.06517,0.07185
1070,1.3,0.8853685,1.795408409,0.856850137,1.67926904,0.06517,0.07185
1170,1.3,0.8853685,1.795408409,0.855450332,1.679254661,0.06517,0.07185
60,1.3,0.87669708,1.781750141,0.871452249,1.758883063,0.06517,0.07185
120,1.3,0.87669708,1.781750141,0.869949058,1.740898553,0.06517,0.07185
180,1.3,0.87669708,1.781750141,0.869000091,1.726769831,0.06517,0.07185
240,1.3,0.87669708,1.781750141,0.868133823,1.715686046,0.06517,0.07185
340,1.3,0.87669708,1.781750141,0.866713222,1.702302286,0.06517,0.07185
440,1.3,0.87669708,1.781750141,0.865297206,1.693462473,0.06517,0.07185
540,1.3,0.87669708,1.781750141,0.863883597,1.687688489,0.06517,0.07185
640,1.3,0.87669708,1.781750141,0.862472302,1.683983059,0.06517,0.07185
740,1.3,0.87669708,1.781750141,0.861063312,1.681673331,0.06517,0.07185
840,1.3,0.87669708,1.781750141,0.859656623,1.680305338,0.06517,0.07185
940,1.3,0.87669708,1.781750141,0.858252233,1.67957279,0.06517,0.07185
1040,1.3,0.87669708,1.781750141,0.856850137,1.67926904,0.06517,0.07185
1140,1.3,0.87669708,1.781750141,0.855450332,1.679254661,0.06517,0.07185
60,1.3,0.871452249,1.758883063,0.869949058,1.740898553,0.06517,0.07185
120,1.3,0.871452249,1.758883063,0.869000091,1.726769831,0.06517,0.07185
180,1.3,0.871452249,1.758883063,0.868133823,1.715686046,0.06517,0.07185
280,1.3,0.871452249,1.758883063,0.866713222,1.702302286,0.06517,0.07185
380,1.3,0.871452249,1.758883063,0.865297206,1.693462473,0.06517,0.07185
480,1.3,0.871452249,1.758883063,0.863883597,1.687688489,0.06517,0.07185
580,1.3,0.871452249,1.758883063,0.862472302,1.683983059,0.06517,0.07185
680,1.3,0.871452249,1.758883063,0.861063312,1.681673331,0.06517,0.07185
780,1.3,0.871452249,1.758883063,0.859656623,1.680305338,0.06517,0.07185
880,1.3,0.871452249,1.758883063,0.858252233,1.67957279,0.06517,0.07185
980,1.3,0.871452249,1.758883063,0.856850137,1.67926904,0.06517,0.07185
1080,1.3,0.871452249,1.758883063,0.855450332,1.679254661,0.06517,0.07185
60,1.3,0.869949058,1.740898553,0.869000091,1.726769831,0.06517,0.07185
120,1.3,0.869949058,1.740898553,0.868133823,1.715686046,0.06517,0.07185
220,1.3,0.869949058,1.740898553,0.866713222,1.702302286,0.06517,0.07185
320,1.3,0.869949058,1.740898553,0.865297206,1.693462473,0.06517,0.07185
420,1.3,0.869949058,1.740898553,0.863883597,1.687688489,0.06517,0.07185
520,1.3,0.869949058,1.740898553,0.862472302,1.683983059,0.06517,0.07185
620,1.3,0.869949058,1.740898553,0.861063312,1.681673331,0.06517,0.07185
720,1.3,0.869949058,1.740898553,0.859656623,1.680305338,0.06517,0.07185
820,1.3,0.869949058,1.740898553,0.858252233,1.67957279,0.06517,0.07185
920,1.3,0.869949058,1.740898553,0.856850137,1.67926904,0.06517,0.07185
1020,1.3,0.869949058,1.740898553,0.855450332,1.679254661,0.06517,0.07185
60,1.3,0.869000091,1.726769831,0.868133823,1.715686046,0.06517,0.07185
160,1.3,0.869000091,1.726769831,0.866713222,1.702302286,0.06517,0.07185
260,1.3,0.869000091,1.726769831,0.865297206,1.693462473,0.06517,0.07185
360,1.3,0.869000091,1.726769831,0.863883597,1.687688489,0.06517,0.07185
460,1.3,0.869000091,1.726769831,0.862472302,1.683983059,0.06517,0.07185
560,1.3,0.869000091,1.726769831,0.861063312,1.681673331,0.06517,0.07185
660,1.3,0.869000091,1.726769831,0.859656623,1.680305338,0.06517,0.07185
760,1.3,0.869000091,1.726769831,0.858252233,1.67957279,0.06517,0.07185
860,1.3,0.869000091,1.726769831,0.856850137,1.67926904,0.06517,0.07185
960,1.3,0.869000091,1.726769831,0.855450332,1.679254661,0.06517,0.07185
100,1.3,0.868133823,1.715686046,0.866713222,1.702302286,0.06517,0.07185
200,1.3,0.868133823,1.715686046,0.865297206,1.693462473,0.06517,0.07185
300,1.3,0.868133823,1.715686046,0.863883597,1.687688489,0.06517,0.07185
400,1.3,0.868133823,1.715686046,0.862472302,1.683983059,0.06517,0.07185
500,1.3,0.868133823,1.715686046,0.861063312,1.681673331,0.06517,0.07185
600,1.3,0.868133823,1.715686046,0.859656623,1.680305338,0.06517,0.07185
700,1.3,0.868133823,1.715686046,0.858252233,1.67957279,0.06517,0.07185
800,1.3,0.868133823,1.715686046,0.856850137,1.67926904,0.06517,0.07185
900,1.3,0.868133823,1.715686046,0.855450332,1.679254661,0.06517,0.07185
100,1.3,0.866713222,1.702302286,0.865297206,1.693462473,0.06517,0.07185
200,1.3,0.866713222,1.702302286,0.863883597,1.687688489,0.06517,0.07185
300,1.3,0.866713222,1.702302286,0.862472302,1.683983059,0.06517,0.07185
400,1.3,0.866713222,1.702302286,0.861063312,1.681673331,0.06517,0.07185
500,1.3,0.866713222,1.702302286,0.859656623,1.680305338,0.06517,0.07185
600,1.3,0.866713222,1.702302286,0.858252233,1.67957279,0.06517,0.07185
700,1.3,0.866713222,1.702302286,0.856850137,1.67926904,0.06517,0.07185
800,1.3,0.866713222,1.702302286,0.855450332,1.679254661,0.06517,0.07185
100,1.3,0.865297206,1.693462473,0.863883597,1.687688489,0.06517,0.07185
200,1.3,0.865297206,1.693462473,0.862472302,1.683983059,0.06517,0.07185
300,1.3,0.865297206,1.693462473,0.861063312,1.681673331,0.06517,0.07185
400,1.3,0.865297206,1.693462473,0.859656623,1.680305338,0.06517,0.07185
500,1.3,0.865297206,1.693462473,0.858252233,1.67957279,0.06517,0.07185
600,1.3,0.865297206,1.693462473,0.856850137,1.67926904,0.06517,0.07185
700,1.3,0.865297206,1.693462473,0.855450332,1.679254661,0.06517,0.07185
100,1.3,0.863883597,1.687688489,0.862472302,1.683983059,0.06517,0.07185
200,1.3,0.863883597,1.687688489,0.861063312,1.681673331,0.06517,0.07185
300,1.3,0.863883597,1.687688489,0.859656623,1.680305338,0.06517,0.07185
400,1.3,0.863883597,1.687688489,0.858252233,1.67957279,0.06517,0.07185
500,1.3,0.863883597,1.687688489,0.856850137,1.67926904,0.06517,0.07185
600,1.3,0.863883597,1.687688489,0.855450332,1.679254661,0.06517,0.07185
100,1.3,0.862472302,1.683983059,0.861063312,1.681673331,0.06517,0.07185
200,1.3,0.862472302,1.683983059,0.859656623,1.680305338,0.06517,0.07185
300,1.3,0.862472302,1.683983059,0.858252233,1.67957279,0.06517,0.07185
400,1.3,0.862472302,1.683983059,0.856850137,1.67926904,0.06517,0.07185
500,1.3,0.862472302,1.683983059,0.855450332,1.679254661,0.06517,0.07185
100,1.3,0.861063312,1.681673331,0.859656623,1.680305338,0.06517,0.07185
200,1.3,0.861063312,1.681673331,0.858252233,1.67957279,0.06517,0.07185
300,1.3,0.861063312,1.681673331,0.856850137,1.67926904,0.06517,0.07185
400,1.3,0.861063312,1.681673331,0.855450332,1.679254661,0.06517,0.07185
100,1.3,0.859656623,1.680305338,0.858252233,1.67957279,0.06517,0.07185
200,1.3,0.859656623,1.680305338,0.856850137,1.67926904,0.06517,0.07185
300,1.3,0.859656623,1.680305338,0.855450332,1.679254661,0.06517,0.07185
100,1.3,0.858252233,1.67957279,0.856850137,1.67926904,0.06517,0.07185
200,1.3,0.858252233,1.67957279,0.855450332,1.679254661,0.06517,0.07185
100,1.3,0.856850137,1.67926904,0.855450332,1.679254661,0.06517,0.07185
30,0.73,0.9105,1.8146,0.812478828,1.307958585,0.5875,0.8146
60,0.73,0.9105,1.8146,0.759199827,1.157959699,0.5875,0.8146
120,0.73,0.9105,1.8146,0.710491573,1.091745617,0.5875,0.8146
180,0.73,0.9105,1.8146,0.688995187,1.074165817,0.5875,0.8146
240,0.73,0.9105,1.8146,0.674823599,1.060727694,0.5875,0.8146
300,0.73,0.9105,1.8146,0.662728306,1.047775807,0.5875,0.8146
400,0.73,0.9105,1.8146,0.643905275,1.026584406,0.5875,0.8146
500,0.73,0.9105,1.8146,0.625796669,1.005824036,0.5875,0.8146
600,0.73,0.9105,1.8146,0.608216848,0.985483536,0.5875,0.8146
700,0.73,0.9105,1.8146,0.591132995,0.965554377,0.5875,0.8146
800,0.73,0.9105,1.8146,0.57452923,0.94602824,0.5875,0.8146
900,0.73,0.9105,1.8146,0.558391857,0.926896974,0.5875,0.8146
1000,0.73,0.9105,1.8146,0.542707754,0.908152595,0.5875,0.8146
1100,0.73,0.9105,1.8146,0.527464186,0.889787278,0.5875,0.8146
1200,0.73,0.9105,1.8146,0.512648779,0.871793358,0.5875,0.8146
30,0.73,0.812478828,1.307958585,0.759199827,1.157959699,0.5875,0.8146
90,0.73,0.812478828,1.307958585,0.710491573,1.091745617,0.5875,0.8146
150,0.73,0.812478828,1.307958585,0.688995187,1.074165817,0.5875,0.8146
210,0.73,0.812478828,1.307958585,0.674823599,1.060727694,0.5875,0.8146
270,0.73,0.812478828,1.307958585,0.662728306,1.047775807,0.5875,0.8146
370,0.73,0.812478828,1.307958585,0.643905275,1.026584406,0.5875,0.8146
470,0.73,0.812478828,1.307958585,0.625796669,1.005824036,0.5875,0.8146
570,0.73,0.812478828,1.307958585,0.608216848,0.985483536,0.5875,0.8146
670,0.73,0.812478828,1.307958585,0.591132995,0.965554377,0.5875,0.8146
770,0.73,0.812478828,1.307958585,0.57452923,0.94602824,0.5875,0.8146
870,0.73,0.812478828,1.307958585,0.558391857,0.926896974,0.5875,0.8146
970,0.73,0.812478828,1.307958585,0.542707754,0.908152595,0.5875,0.8146
1070,0.73,0.812478828,1.307958585,0.527464186,0.889787278,0.5875,0.8146
1170,0.73,0.812478828,1.307958585,0.512648779,0.871793358,0.5875,0.8146
60,0.73,0.759199827,1.157959699,0.710491573,1.091745617,0.5875,0.8146
120,0.73,0.759199827,1.157959699,0.688995187,1.074165817,0.5875,0.8146
180,0.73,0.759199827,1.157959699,0.674823599,1.060727694,0.5875,0.8146
240,0.73,0.759199827,1.157959699,0.662728306,1.047775807,0.5875,0.8146
340,0.73,0.759199827,1.157959699,0.643905275,1.026584406,0.5875,0.8146
440,0.73,0.759199827,1.157959699,0.625796669,1.005824036,0.5875,0.8146
540,0.73,0.759199827,1.157959699,0.608216848,0.985483536,0.5875,0.8146
640,0.73,0.759199827,1.157959699,0.591132995,0.965554377,0.5875,0.8146
740,0.73,0.759199827,1.157959699,0.57452923,0.94602824,0.5875,0.8146
840,0.73,0.759199827,1.157959699,0.558391857,0.926896974,0.5875,0.8146
940,0.73,0.759199827,1.157959699,0.542707754,0.908152595,0.5875,0.8146
1040,0.73,0.759199827,1.157959699,0.527464186,0.889787278,0.5875,0.8146
1140,0.73,0.759199827,1.157959699,0.512648779,0.871793358,0.5875,0.8146
60,0.73,0.710491573,1.091745617,0.688995187,1.074165817,0.5875,0.8146
120,0.73,0.710491573,1.091745617,0.674823599,1.060727694,0.5875,0.8146
180,0.73,0.710491573,1.091745617,0.662728306,1.047775807,0.5875,0.8146
280,0.73,0.710491573,1.091745617,0.643905275,1.026584406,0.5875,0.8146
380,0.73,0.710491573,1.091745617,0.625796669,1.005824036,0.5875,0.8146
480,0.73,0.710491573,1.091745617,0.608216848,0.985483536,0.5875,0.8146
580,0.73,0.710491573,1.091745617,0.591132995,0.965554377,0.5875,0.8146
680,0.73,0.710491573,1.091745617,0.57452923,0.94602824,0.5875,0.8146
780,0.73,0.710491573,1.091745617,0.558391857,0.926896974,0.5875,0.8146
880,0.73,0.710491573,1.091745617,0.542707754,0.908152595,0.5875,0.8146
980,0.73,0.710491573,1.091745617,0.527464186,0.889787278,0.5875,0.8146
1080,0.73,0.710491573,1.091745617,0.512648779,0.871793358,0.5875,0.8146
60,0.73,0.688995187,1.074165817,0.674823599,1.060727694,0.5875,0.8146
120,0.73,0.688995187,1.074165817,0.662728306,1.047775807,0.5875,0.8146
220,0.73,0.688995187,1.074165817,0.643905275,1.026584406,0.5875,0.8146
320,0.73,0.688995187,1.074165817,0.625796669,1.005824036,0.5875,0.8146
420,0.73,0.688995187,1.074165817,0.608216848,0.985483536,0.5875,0.8146
520,0.73,0.688995187,1.074165817,0.591132995,0.965554377,0.5875,0.8146
620,0.73,0.688995187,1.074165817,0.57452923,0.94602824,0.5875,0.8146
720,0.73,0.688995187,1.074165817,0.558391857,0.926896974,0.5875,0.8146
820,0.73,0.688995187,1.074165817,0.542707754,0.908152595,0.5875,0.8146
920,0.73,0.688995187,1.074165817,0.527464186,0.889787278,0.5875,0.8146
1020,0.73,0.688995187,1.074165817,0.512648779,0.871793358,0.5875,0.8146
60,0.73,0.674823599,1.060727694,0.662728306,1.047775807,0.5875,0.8146
160,0.73,0.674823599,1.060727694,0.643905275,1.026584406,0.5875,0.8146
260,0.73,0.674823599,1.060727694,0.625796669,1.005824036,0.5875,0.8146
360,0.73,0.674823599,1.060727694,0.608216848,0.985483536,0.5875,0.8146
460,0.73,0.674823599,1.060727694,0.591132995,0.965554377,0.5875,0.8146
560,0.73,0.674823599,1.060727694,0.57452923,0.94602824,0.5875,0.8146
660,0.73,0.674823599,1.060727694,0.558391857,0.926896974,0.5875,0.8146
760,0.73,0.674823599,1.060727694,0.542707754,0.908152595,0.5875,0.8146
860,0.73,0.674823599,1.060727694,0.527464186,0.889787278,0.5875,0.8146
960,0.73,0.674823599,1.060727694,0.512648779,0.871793358,0.5875,0.8146
100,0.73,0.662728306,1.047775807,0.643905275,1.026584406,0.5875,0.8146
200,0.73,0.662728306,1.047775807,0.625796669,1.005824036,0.5875,0.8146
300,0.73,0.662728306,1.047775807,0.608216848,0.985483536,0.5875,0.8146
400,0.73,0.662728306,1.047775807,0.591132995,0.965554377,0.5875,0.8146
500,0.73,0.662728306,1.047775807,0.57452923,0.94602824,0.5875,0.8146
600,0.73,0.662728306,1.047775807,0.558391857,0.926896974,0.5875,0.8146
700,0.73,0.662728306,1.047775807,0.542707754,0.908152595,0.5875,0.8146
800,0.73,0.662728306,1.047775807,0.527464186,0.889787278,0.5875,0.8146
900,0.73,0.662728306,1.047775807,0.512648779,0.871793358,0.5875,0.8146
100,0.73,0.643905275,1.026584406,0.625796669,1.005824036,0.5875,0.8146
200,0.73,0.643905275,1.026584406,0.608216848,0.985483536,0.5875,0.8146
300,0.73,0.643905275,1.026584406,0.591132995,0.965554377,0.5875,0.8146
400,0.73,0.643905275,1.026584406,0.57452923,0.94602824,0.5875,0.8146
500,0.73,0.643905275,1.026584406,0.558391857,0.926896974,0.5875,0.8146
600,0.73,0.643905275,1.026584406,0.542707754,0.908152595,0.5875,0.8146
700,0.73,0.643905275,1.026584406,0.527464186,0.889787278,0.5875,0.8146
800,0.73,0.643905275,1.026584406,0.512648779,0.871793358,0.5875,0.8146
100,0.73,0.625796669,1.005824036,0.608216848,0.985483536,0.5875,0.8146
200,0.73,0.625796669,1.005824036,0.591132995,0.965554377,0.5875,0.8146
300,0.73,0.625796669,1.005824036,0.57452923,0.94602824,0.5875,0.8146
400,0.73,0.625796669,1.005824036,0.558391857,0.926896974,0.5875,0.8146
500,0.73,0.625796669,1.005824036,0.542707754,0.908152595,0.5875,0.8146
600,0.73,0.625796669,1.005824036,0.527464186,0.889787278,0.5875,0.8146
700,0.73,0.625796669,1.005824036,0.512648779,0.871793358,0.5875,0.8146
100,0.73,0.608216848,0.985483536,0.591132995,0.965554377,0.5875,0.8146
200,0.73,0.608216848,0.985483536,0.57452923,0.94602824,0.5875,0.8146
300,0.73,0.608216848,0.985483536,0.558391857,0.926896974,0.5875,0.8146
400,0.73,0.608216848,0.985483536,0.542707754,0.908152595,0.5875,0.8146
500,0.73,0.608216848,0.985483536,0.527464186,0.889787278,0.5875,0.8146
600,0.73,0.608216848,0.985483536,0.512648779,0.871793358,0.5875,0.8146
100,0.73,0.591132995,0.965554377,0.57452923,0.94602824,0.5875,0.8146
200,0.73,0.591132995,0.965554377,0.558391857,0.926896974,0.5875,0.8146
300,0.73,0.591132995,0.965554377,0.542707754,0.908152595,0.5875,0.8146
400,0.73,0.591132995,0.965554377,0.527464186,0.889787278,0.5875,0.8146
500,0.73,0.591132995,0.965554377,0.512648779,0.871793358,0.5875,0.8146
100,0.73,0.57452923,0.94602824,0.558391857,0.926896974,0.5875,0.8146
200,0.73,0.57452923,0.94602824,0.542707754,0.908152595,0.5875,0.8146
300,0.73,0.57452923,0.94602824,0.527464186,0.889787278,0.5875,0.8146
400,0.73,0.57452923,0.94602824,0.512648779,0.871793358,0.5875,0.8146
100,0.73,0.558391857,0.926896974,0.542707754,0.908152595,0.5875,0.8146
200,0.73,0.558391857,0.926896974,0.527464186,0.889787278,0.5875,0.8146
300,0.73,0.558391857,0.926896974,0.512648779,0.871793358,0.5875,0.8146
100,0.73,0.542707754,0.908152595,0.527464186,0.889787278,0.5875,0.8146
200,0.73,0.542707754,0.908152595,0.512648779,0.871793358,0.5875,0.8146
100,0.73,0.527464186,0.889787278,0.512648779,0.871793358,0.5875,0.8146
30,0.93,0.9035,1.8035,0.859124608,1.618483716,0.5875,0.8146
60,0.93,0.9035,1.8035,0.827972402,1.509397214,0.5875,0.8146
120,0.93,0.9035,1.8035,0.789419894,1.40395938,0.5875,0.8146
180,0.93,0.9035,1.8035,0.767592494,1.361214087,0.5875,0.8146
240,0.93,0.9035,1.8035,0.753356144,1.339345432,0.5875,0.8146
300,0.93,0.9035,1.8035,0.742590517,1.32447246,0.5875,0.8146
400,0.93,0.9035,1.8035,0.727792751,1.304181516,0.5875,0.8146
500,0.93,0.9035,1.8035,0.714460882,1.285363324,0.5875,0.8146
600,0.93,0.9035,1.8035,0.701684567,1.26700176,0.5875,0.8146
700,0.93,0.9035,1.8035,0.689219363,1.248931953,0.5875,0.8146
800,0.93,0.9035,1.8035,0.676997524,1.231124545,0.5875,0.8146
900,0.93,0.9035,1.8035,0.664998231,1.213571782,0.5875,0.8146
1000,0.93,0.9035,1.8035,0.653213159,1.196269397,0.5875,0.8146
1100,0.93,0.9035,1.8035,0.641637351,1.179213717,0.5875,0.8146
1200,0.93,0.9035,1.8035,0.63026679,1.16240121,0.5875,0.8146
30,0.93,0.859124608,1.618483716,0.827972402,1.509397214,0.5875,0.8146
90,0.93,0.859124608,1.618483716,0.789419894,1.40395938,0.5875,0.8146
150,0.93,0.859124608,1.618483716,0.767592494,1.361214087,0.5875,0.8146
210,0.93,0.859124608,1.618483716,0.753356144,1.339345432,0.5875,0.8146
270,0.93,0.859124608,1.618483716,0.742590517,1.32447246,0.5875,0.8146
370,0.93,0.859124608,1.618483716,0.727792751,1.304181516,0.5875,0.8146
470,0.93,0.859124608,1.618483716,0.714460882,1.285363324,0.5875,0.8146
570,0.93,0.859124608,1.618483716,0.701684567,1.26700176,0.5875,0.8146
670,0.93,0.859124608,1.618483716,0.689219363,1.248931953,0.5875,0.8146
770,0.93,0.859124608,1.618483716,0.676997524,1.231124545,0.5875,0.8146
870,0.93,0.859124608,1.618483716,0.664998231,1.213571782,0.5875,0.8146
970,0.93,0.859124608,1.618483716,0.653213159,1.196269397,0.5875,0.8146
1070,0.93,0.859124608,1.618483716,0.641637351,1.179213717,0.5875,0.8146
1170,0.93,0.859124608,1.618483716,0.63026679,1.16240121,0.5875,0.8146
60,0.93,0.827972402,1.509397214,0.789419894,1.40395938,0.5875,0.8146
120,0.93,0.827972402,1.509397214,0.767592494,1.361214087,0.5875,0.8146
180,0.93,0.827972402,1.509397214,0.753356144,1.339345432,0.5875,0.8146
240,0.93,0.827972402,1.509397214,0.742590517,1.32447246,0.5875,0.8146
340,0.93,0.827972402,1.509397214,0.727792751,1.304181516,0.5875,0.8146
440,0.93,0.827972402,1.509397214,0.714460882,1.285363324,0.5875,0.8146
540,0.93,0.827972402,1.509397214,0.701684567,1.26700176,0.5875,0.8146
640,0.93,0.827972402,1.509397214,0.689219363,1.248931953,0.5875,0.8146
740,0.93,0.827972402,1.509397214,0.676997524,1.231124545,0.5875,0.8146
840,0.93,0.827972402,1.509397214,0.664998231,1.213571782,0.5875,0.8146
940,0.93,0.827972402,1.509397214,0.653213159,1.196269397,0.5875,0.8146
1040,0.93,0.827972402,1.509397214,0.641637351,1.179213717,0.5875,0.8146
1140,0.93,0.827972402,1.509397214,0.63026679,1.16240121,0.5875,0.8146
60,0.93,0.789419894,1.40395938,0.767592494,1.361214087,0.5875,0.8146
120,0.93,0.789419894,1.40395938,0.753356144,1.339345432,0.5875,0.8146
180,0.93,0.789419894,1.40395938,0.742590517,1.32447246,0.5875,0.8146
280,0.93,0.789419894,1.40395938,0.727792751,1.304181516,0.5875,0.8146
380,0.93,0.789419894,1.40395938,0.714460882,1.285363324,0.5875,0.8146
480,0.93,0.789419894,1.40395938,0.701684567,1.26700176,0.5875,0.8146
580,0.93,0.789419894,1.40395938,0.689219363,1.248931953,0.5875,0.8146
680,0.93,0.789419894,1.40395938,0.676997524,1.231124545,0.5875,0.8146
780,0.93,0.789419894,1.40395938,0.664998231,1.213571782,0.5875,0.8146
880,0.93,0.789419894,1.40395938,0.653213159,1.196269397,0.5875,0.8146
980,0.93,0.789419894,1.40395938,0.641637351,1.179213717,0.5875,0.8146
1080,0.93,0.789419894,1.40395938,0.63026679,1.16240121,0.5875,0.8146
60,0.93,0.767592494,1.361214087,0.753356144,1.339345432,0.5875,0.8146
120,0.93,0.767592494,1.361214087,0.742590517,1.32447246,0.5875,0.8146
220,0.93,0.767592494,1.361214087,0.727792751,1.304181516,0.5875,0.8146
320,0.93,0.767592494,1.361214087,0.714460882,1.285363324,0.5875,0.8146
420,0.93,0.767592494,1.361214087,0.701684567,1.26700176,0.5875,0.8146
520,0.93,0.767592494,1.361214087,0.689219363,1.248931953,0.5875,0.8146
620,0.93,0.767592494,1.361214087,0.676997524,1.231124545,0.5875,0.8146
720,0.93,0.767592494,1.361214087,0.664998231,1.213571782,0.5875,0.8146
820,0.93,0.767592494,1.361214087,0.653213159,1.196269397,0.5875,0.8146
920,0.93,0.767592494,1.361214087,0.641637351,1.179213717,0.5875,0.8146
1020,0.93,0.767592494,1.361214087,0.63026679,1.16240121,0.5875,0.8146
60,0.93,0.753356144,1.339345432,0.742590517,1.32447246,0.5875,0.8146
160,0.93,0.753356144,1.339345432,0.727792751,1.304181516,0.5875,0.8146
260,0.93,0.753356144,1.339345432,0.714460882,1.285363324,0.5875,0.8146
360,0.93,0.753356144,1.339345432,0.701684567,1.26700176,0.5875,0.8146
460,0.93,0.753356144,1.339345432,0.689219363,1.248931953,0.5875,0.8146
560,0.93,0.753356144,1.339345432,0.676997524,1.231124545,0.5875,0.8146
660,0.93,0.753356144,1.339345432,0.664998231,1.213571782,0.5875,0.8146
760,0.93,0.753356144,1.339345432,0.653213159,1.196269397,0.5875,0.8146
860,0.93,0.753356144,1.339345432,0.641637351,1.179213717,0.5875,0.8146
960,0.93,0.753356144,1.339345432,0.63026679,1.16240121,0.5875,0.8146
100,0.93,0.742590517,1.32447246,0.727792751,1.304181516,0.5875,0.8146
200,0.93,0.742590517,1.32447246,0.714460882,1.285363324,0.5875,0.8146
300,0.93,0.742590517,1.32447246,0.701684567,1.26700176,0.5875,0.8146
400,0.93,0.742590517,1.32447246,0.689219363,1.248931953,0.5875,0.8146
500,0.93,0.742590517,1.32447246,0.676997524,1.231124545,0.5875,0.8146
600,0.93,0.742590517,1.32447246,0.664998231,1.213571782,0.5875,0.8146
700,0.93,0.742590517,1.32447246,0.653213159,1.196269397,0.5875,0.8146
800,0.93,0.742590517,1.32447246,0.641637351,1.179213717,0.5875,0.8146
900,0.93,0.742590517,1.32447246,0.63026679,1.16240121,0.5875,0.8146
100,0.93,0.727792751,1.304181516,0.714460882,1.285363324,0.5875,0.8146
200,0.93,0.727792751,1.304181516,0.701684567,1.26700176,0.5875,0.8146
300,0.93,0.727792751,1.304181516,0.689219363,1.248931953,0.5875,0.8146
400,0.93,0.727792751,1.304181516,0.676997524,1.231124545,0.5875,0.8146
500,0.93,0.727792751,1.304181516,0.664998231,1.213571782,0.5875,0.8146
600,0.93,0.727792751,1.304181516,0.653213159,1.196269397,0.5875,0.8146
700,0.93,0.727792751,1.304181516,0.641637351,1.179213717,0.5875,0.8146
800,0.93,0.727792751,1.304181516,0.63026679,1.16240121,0.5875,0.8146
100,0.93,0.714460882,1.285363324,0.701684567,1.26700176,0.5875,0.8146
200,0.93,0.714460882,1.285363324,0.689219363,1.248931953,0.5875,0.8146
300,0.93,0.714460882,1.285363324,0.676997524,1.231124545,0.5875,0.8146
400,0.93,0.714460882,1.285363324,0.664998231,1.213571782,0.5875,0.8146
500,0.93,0.714460882,1.285363324,0.653213159,1.196269397,0.5875,0.8146
600,0.93,0.714460882,1.285363324,0.641637351,1.179213717,0.5875,0.8146
700,0.93,0.714460882,1.285363324,0.63026679,1.16240121,0.5875,0.8146
100,0.93,0.701684567,1.26700176,0.689219363,1.248931953,0.5875,0.8146
200,0.93,0.701684567,1.26700176,0.676997524,1.231124545,0.5875,0.8146
300,0.93,0.701684567,1.26700176,0.664998231,1.213571782,0.5875,0.8146
400,0.93,0.701684567,1.26700176,0.653213159,1.196269397,0.5875,0.8146
500,0.93,0.701684567,1.26700176,0.641637351,1.179213717,0.5875,0.8146
600,0.93,0.701684567,1.26700176,0.63026679,1.16240121,0.5875,0.8146
100,0.93,0.689219363,1.248931953,0.676997524,1.231124545,0.5875,0.8146
200,0.93,0.689219363,1.248931953,0.664998231,1.213571782,0.5875,0.8146
300,0.93,0.689219363,1.248931953,0.653213159,1.196269397,0.5875,0.8146
400,0.93,0.689219363,1.248931953,0.641637351,1.179213717,0.5875,0.8146
500,0.93,0.689219363,1.248931953,0.63026679,1.16240121,0.5875,0.8146
100,0.93,0.676997524,1.231124545,0.664998231,1.213571782,0.5875,0.8146
200,0.93,0.676997524,1.231124545,0.653213159,1.196269397,0.5875,0.8146
300,0.93,0.676997524,1.231124545,0.641637351,1.179213717,0.5875,0.8146
400,0.93,0.676997524,1.231124545,0.63026679,1.16240121,0.5875,0.8146
100,0.93,0.664998231,1.213571782,0.653213159,1.196269397,0.5875,0.8146
200,0.93,0.664998231,1.213571782,0.641637351,1.179213717,0.5875,0.8146
300,0.93,0.664998231,1.213571782,0.63026679,1.16240121,0.5875,0.8146
100,0.93,0.653213159,1.196269397,0.641637351,1.179213717,0.5875,0.8146
200,0.93,0.653213159,1.196269397,0.63026679,1.16240121,0.5875,0.8146
100,0.93,0.641637351,1.179213717,0.63026679,1.16240121,0.5875,0.8146
30,1.23,0.9046,1.8138,0.80463817,1.286657568,0.5875,0.8146
60,1.23,0.9046,1.8138,0.739255562,1.07262799,0.5875,0.8146
120,1.23,0.9046,1.8138,0.667340523,0.947218645,0.5875,0.8146
180,1.23,0.9046,1.8138,0.634156437,0.921516982,0.5875,0.8146
240,1.23,0.9046,1.8138,0.61704676,0.911992111,0.5875,0.8146
300,1.23,0.9046,1.8138,0.606626794,0.905123142,0.5875,0.8146
400,1.23,0.9046,1.8138,0.594645256,0.894521229,0.5875,0.8146
500,1.23,0.9046,1.8138,0.58477711,0.884129598,0.5875,0.8146
600,1.23,0.9046,1.8138,0.575506486,0.873862826,0.5875,0.8146
700,1.23,0.9046,1.8138,0.566482763,0.863715474,0.5875,0.8146
800,1.23,0.9046,1.8138,0.557623533,0.853685963,0.5875,0.8146
900,1.23,0.9046,1.8138,0.548908148,0.843772916,0.5875,0.8146
1000,1.23,0.9046,1.8138,0.540330198,0.83397498,0.5875,0.8146
1100,1.23,0.9046,1.8138,0.531886579,0.824290818,0.5875,0.8146
1200,1.23,0.9046,1.8138,0.523574971,0.814719109,0.5875,0.8146
30,1.23,0.80463817,1.286657568,0.739255562,1.07262799,0.5875,0.8146
90,1.23,0.80463817,1.286657568,0.667340523,0.947218645,0.5875,0.8146
150,1.23,0.80463817,1.286657568,0.634156437,0.921516982,0.5875,0.8146
210,1.23,0.80463817,1.286657568,0.61704676,0.911992111,0.5875,0.8146
270,1.23,0.80463817,1.286657568,0.606626794,0.905123142,0.5875,0.8146
370,1.23,0.80463817,1.286657568,0.594645256,0.894521229,0.5875,0.8146
470,1.23,0.80463817,1.286657568,0.58477711,0.884129598,0.5875,0.8146
570,1.23,0.80463817,1.286657568,0.575506486,0.873862826,0.5875,0.8146
670,1.23,0.80463817,1.286657568,0.566482763,0.863715474,0.5875,0.8146
770,1.23,0.80463817,1.286657568,0.557623533,0.853685963,0.5875,0.8146
870,1.23,0.80463817,1.286657568,0.548908148,0.843772916,0.5875,0.8146
970,1.23,0.80463817,1.286657568,0.540330198,0.83397498,0.5875,0.8146
1070,1.23,0.80463817,1.286657568,0.531886579,0.824290818,0.5875,0.8146
1170,1.23,0.80463817,1.286657568,0.523574971,0.814719109,0.5875,0.8146
60,1.23,0.739255562,1.07262799,0.667340523,0.947218645,0.5875,0.8146
120,1.23,0.739255562,1.07262799,0.634156437,0.921516982,0.5875,0.8146
180,1.23,0.739255562,1.07262799,0.61704676,0.911992111,0.5875,0.8146
240,1.23,0.739255562,1.07262799,0.606626794,0.905123142,0.5875,0.8146
340,1.23,0.739255562,1.07262799,0.594645256,0.894521229,0.5875,0.8146
440,1.23,0.739255562,1.07262799,0.58477711,0.884129598,0.5875,0.8146
540,1.23,0.739255562,1.07262799,0.575506486,0.873862826,0.5875,0.8146
640,1.23,0.739255562,1.07262799,0.566482763,0.863715474,0.5875,0.8146
740,1.23,0.739255562,1.07262799,0.557623533,0.853685963,0.5875,0.8146
840,1.23,0.739255562,1.07262799,0.548908148,0.843772916,0.5875,0.8146
940,1.23,0.739255562,1.07262799,0.540330198,0.83397498,0.5875,0.8146
1040,1.23,0.739255562,1.07262799,0.531886579,0.824290818,0.5875,0.8146
1140,1.23,0.739255562,1.07262799,0.523574971,0.814719109,0.5875,0.8146
60,1.23,0.667340523,0.947218645,0.634156437,0.921516982,0.5875,0.8146
120,1.23,0.667340523,0.947218645,0.61704676,0.911992111,0.5875,0.8146
180,1.23,0.667340523,0.947218645,0.606626794,0.905123142,0.5875,0.8146
280,1.23,0.667340523,0.947218645,0.594645256,0.894521229,0.5875,0.8146
380,1.23,0.667340523,0.947218645,0.58477711,0.884129598,0.5875,0.8146
480,1.23,0.667340523,0.947218645,0.575506486,0.873862826,0.5875,0.8146
580,1.23,0.667340523,0.947218645,0.566482763,0.863715474,0.5875,0.8146
680,1.23,0.667340523,0.947218645,0.557623533,0.853685963,0.5875,0.8146
780,1.23,0.667340523,0.947218645,0.548908148,0.843772916,0.5875,0.8146
880,1.23,0.667340523,0.947218645,0.540330198,0.83397498,0.5875,0.8146
980,1.23,0.667340523,0.947218645,0.531886579,0.824290818,0.5875,0.8146
1080,1.23,0.667340523,0.947218645,0.523574971,0.814719109,0.5875,0.8146
60,1.23,0.634156437,0.921516982,0.61704676,0.911992111,0.5875,0.8146
120,1.23,0.634156437,0.921516982,0.606626794,0.905123142,0.5875,0.8146
220,1.23,0.634156437,0.921516982,0.594645256,0.894521229,0.5875,0.8146
320,1.23,0.634156437,0.921516982,0.58477711,0.884129598,0.5875,0.8146
420,1.23,0.634156437,0.921516982,0.575506486,0.873862826,0.5875,0.8146
520,1.23,0.634156437,0.921516982,0.566482763,0.863715474,0.5875,0.8146
620,1.23,0.634156437,0.921516982,0.557623533,0.853685963,0.5875,0.8146
720,1.23,0.634156437,0.921516982,0.548908148,0.843772916,0.5875,0.8146
820,1.23,0.634156437,0.921516982,0.540330198,0.83397498,0.5875,0.8146
920,1.23,0.634156437,0.921516982,0.531886579,0.824290818,0.5875,0.8146
1020,1.23,0.634156437,0.921516982,0.523574971,0.814719109,0.5875,0.8146
60,1.23,0.61704676,0.911992111,0.606626794,0.905123142,0.5875,0.8146
160,1.23,0.61704676,0.911992111,0.594645256,0.894521229,0.5875,0.8146
260,1.23,0.61704676,0.911992111,0.58477711,0.884129598,0.5875,0.8146
360,1.23,0.61704676,0.911992111,0.575506486,0.873862826,0.5875,0.8146
460,1.23,0.61704676,0.911992111,0.566482763,0.863715474,0.5875,0.8146
560,1.23,0.61704676,0.911992111,0.557623533,0.853685963,0.5875,0.8146
660,1.23,0.61704676,0.911992111,0.548908148,0.843772916,0.5875,0.8146
760,1.23,0.61704676,0.911992111,0.540330198,0.83397498,0.5875,0.8146
860,1.23,0.61704676,0.911992111,0.531886579,0.824290818,0.5875,0.8146
960,1.23,0.61704676,0.911992111,0.523574971,0.814719109,0.5875,0.8146
100,1.23,0.606626794,0.905123142,0.594645256,0.894521229,0.5875,0.8146
200,1.23,0.606626794,0.905123142,0.58477711,0.884129598,0.5875,0.8146
300,1.23,0.606626794,0.905123142,0.575506486,0.873862826,0.5875,0.8146
400,1.23,0.606626794,0.905123142,0.566482763,0.863715474,0.5875,0.8146
500,1.23,0.606626794,0.905123142,0.557623533,0.853685963,0.5875,0.8146
600,1.23,0.606626794,0.905123142,0.548908148,0.843772916,0.5875,0.8146
700,1.23,0.606626794,0.905123142,0.540330198,0.83397498,0.5875,0.8146
800,1.23,0.606626794,0.905123142,0.531886579,0.824290818,0.5875,0.8146
900,1.23,0.606626794,0.905123142,0.523574971,0.814719109,0.5875,0.8146
100,1.23,0.594645256,0.894521229,0.58477711,0.884129598,0.5875,0.8146
200,1.23,0.594645256,0.894521229,0.575506486,0.873862826,0.5875,0.8146
300,1.23,0.594645256,0.894521229,0.566482763,0.863715474,0.5875,0.8146
400,1.23,0.594645256,0.894521229,0.557623533,0.853685963,0.5875,0.8146
500,1.23,0.594645256,0.894521229,0.548908148,0.843772916,0.5875,0.8146
600,1.23,0.594645256,0.894521229,0.540330198,0.83397498,0.5875,0.8146
700,1.23,0.594645256,0.894521229,0.531886579,0.824290818,0.5875,0.8146
800,1.23,0.594645256,0.894521229,0.523574971,0.814719109,0.5875,0.8146
100,1.23,0.58477711,0.884129598,0.575506486,0.873862826,0.5875,0.8146
200,1.23,0.58477711,0.884129598,0.566482763,0.863715474,0.5875,0.8146
300,1.23,0.58477711,0.884129598,0.557623533,0.853685963,0.5875,0.8146
400,1.23,0.58477711,0.884129598,0.548908148,0.843772916,0.5875,0.8146
500,1.23,0.58477711,0.884129598,0.540330198,0.83397498,0.5875,0.8146
600,1.23,0.58477711,0.884129598,0.531886579,0.824290818,0.5875,0.8146
700,1.23,0.58477711,0.884129598,0.523574971,0.814719109,0.5875,0.8146
100,1.23,0.575506486,0.873862826,0.566482763,0.863715474,0.5875,0.8146
200,1.23,0.575506486,0.873862826,0.557623533,0.853685963,0.5875,0.8146
300,1.23,0.575506486,0.873862826,0.548908148,0.843772916,0.5875,0.8146
400,1.23,0.575506486,0.873862826,0.540330198,0.83397498,0.5875,0.8146
500,1.23,0.575506486,0.873862826,0.531886579,0.824290818,0.5875,0.8146
600,1.23,0.575506486,0.873862826,0.523574971,0.814719109,0.5875,0.8146
100,1.23,0.566482763,0.863715474,0.557623533,0.853685963,0.5875,0.8146
200,1.23,0.566482763,0.863715474,0.548908148,0.843772916,0.5875,0.8146
300,1.23,0.566482763,0.863715474,0.540330198,0.83397498,0.5875,0.8146
400,1.23,0.566482763,0.863715474,0.531886579,0.824290818,0.5875,0.8146
500,1.23,0.566482763,0.863715474,0.523574971,0.814719109,0.5875,0.8146
100,1.23,0.557623533,0.853685963,0.548908148,0.843772916,0.5875,0.8146
200,1.23,0.557623533,0.853685963,0.540330198,0.83397498,0.5875,0.8146
300,1.23,0.557623533,0.853685963,0.531886579,0.824290818,0.5875,0.8146
400,1.23,0.557623533,0.853685963,0.523574971,0.814719109,0.5875,0.8146
100,1.23,0.548908148,0.843772916,0.540330198,0.83397498,0.5875,0.8146
200,1.23,0.548908148,0.843772916,0.531886579,0.824290818,0.5875,0.8146
300,1.23,0.548908148,0.843772916,0.523574971,0.814719109,0.5875,0.8146
100,1.23,0.540330198,0.83397498,0.531886579,0.824290818,0.5875,0.8146
200,1.23,0.540330198,0.83397498,0.523574971,0.814719109,0.5875,0.8146
100,1.23,0.531886579,0.824290818,0.523574971,0.814719109,0.5875,0.8146
30,0.84,0.9058,1.8056,0.897379497,1.698460324,0.1836,0.3175
60,0.84,0.9058,1.8056,0.889190385,1.638255346,0.1836,0.3175
120,0.84,0.9058,1.8056,0.87350025,1.577804844,0.1836,0.3175
180,0.84,0.9058,1.8056,0.858718033,1.545203327,0.1836,0.3175
240,0.84,0.9058,1.8056,0.84483315,1.520041253,0.1836,0.3175
300,0.84,0.9058,1.8056,0.831835994,1.497046142,0.1836,0.3175
400,0.84,0.9058,1.8056,0.812123764,1.460314106,0.1836,0.3175
500,0.84,0.9058,1.8056,0.794819808,1.424651683,0.1836,0.3175
600,0.84,0.9058,1.8056,0.779897541,1.389877797,0.1836,0.3175
700,0.84,0.9058,1.8056,0.767337827,1.35595454,0.1836,0.3175
800,0.84,0.9058,1.8056,0.757129013,1.322859453,0.1836,0.3175
900,0.84,0.9058,1.8056,0.749266982,1.290572146,0.1836,0.3175
1000,0.84,0.9058,1.8056,0.743755233,1.259072884,0.1836,0.3175
1100,0.84,0.9058,1.8056,0.740604986,1.228342432,0.1836,0.3175
1200,0.84,0.9058,1.8056,0.739835318,1.198362024,0.1836,0.3175
30,0.84,0.897379497,1.698460324,0.889190385,1.638255346,0.1836,0.3175
90,0.84,0.897379497,1.698460324,0.87350025,1.577804844,0.1836,0.3175
150,0.84,0.897379497,1.698460324,0.858718033,1.545203327,0.1836,0.3175
210,0.84,0.897379497,1.698460324,0.84483315,1.520041253,0.1836,0.3175
270,0.84,0.897379497,1.698460324,0.831835994,1.497046142,0.1836,0.3175
370,0.84,0.897379497,1.698460324,0.812123764,1.460314106,0.1836,0.3175
470,0.84,0.897379497,1.698460324,0.794819808,1.424651683,0.1836,0.3175
570,0.84,0.897379497,1.698460324,0.779897541,1.389877797,0.1836,0.3175
670,0.84,0.897379497,1.698460324,0.767337827,1.35595454,0.1836,0.3175
770,0.84,0.897379497,1.698460324,0.757129013,1.322859453,0.1836,0.3175
870,0.84,0.897379497,1.698460324,0.749266982,1.290572146,0.1836,0.3175
970,0.84,0.897379497,1.698460324,0.743755233,1.259072884,0.1836,0.3175
1070,0.84,0.897379497,1.698460324,0.740604986,1.228342432,0.1836,0.3175
1170,0.84,0.897379497,1.698460324,0.739835318,1.198362024,0.1836,0.3175
60,0.84,0.889190385,1.638255346,0.87350025,1.577804844,0.1836,0.3175
120,0.84,0.889190385,1.638255346,0.858718033,1.545203327,0.1836,0.3175
180,0.84,0.889190385,1.638255346,0.84483315,1.520041253,0.1836,0.3175
240,0.84,0.889190385,1.638255346,0.831835994,1.497046142,0.1836,0.3175
340,0.84,0.889190385,1.638255346,0.812123764,1.460314106,0.1836,0.3175
440,0.84,0.889190385,1.638255346,0.794819808,1.424651683,0.1836,0.3175
540,0.84,0.889190385,1.638255346,0.779897541,1.389877797,0.1836,0.3175
640,0.84,0.889190385,1.638255346,0.767337827,1.35595454,0.1836,0.3175
740,0.84,0.889190385,1.638255346,0.757129013,1.322859453,0.1836,0.3175
840,0.84,0.889190385,1.638255346,0.749266982,1.290572146,0.1836,0.3175
940,0.84,0.889190385,1.638255346,0.743755233,1.259072884,0.1836,0.3175
1040,0.84,0.889190385,1.638255346,0.740604986,1.228342432,0.1836,0.3175
1140,0.84,0.889190385,1.638255346,0.739835318,1.198362024,0.1836,0.3175
60,0.84,0.87350025,1.577804844,0.858718033,1.545203327,0.1836,0.3175
120,0.84,0.87350025,1.577804844,0.84483315,1.520041253,0.1836,0.3175
180,0.84,0.87350025,1.577804844,0.831835994,1.497046142,0.1836,0.3175
280,0.84,0.87350025,1.577804844,0.812123764,1.460314106,0.1836,0.3175
380,0.84,0.87350025,1.577804844,0.794819808,1.424651683,0.1836,0.3175
480,0.84,0.87350025,1.577804844,0.779897541,1.389877797,0.1836,0.3175
580,0.84,0.87350025,1.577804844,0.767337827,1.35595454,0.1836,0.3175
680,0.84,0.87350025,1.577804844,0.757129013,1.322859453,0.1836,0.3175
780,0.84,0.87350025,1.577804844,0.749266982,1.290572146,0.1836,0.3175
880,0.84,0.87350025,1.577804844,0.743755233,1.259072884,0.1836,0.3175
980,0.84,0.87350025,1.577804844,0.740604986,1.228342432,0.1836,0.3175
1080,0.84,0.87350025,1.577804844,0.739835318,1.198362024,0.1836,0.3175
60,0.84,0.858718033,1.545203327,0.84483315,1.520041253,0.1836,0.3175
120,0.84,0.858718033,1.545203327,0.831835994,1.497046142,0.1836,0.3175
220,0.84,0.858718033,1.545203327,0.812123764,1.460314106,0.1836,0.3175
320,0.84,0.858718033,1.545203327,0.794819808,1.424651683,0.1836,0.3175
420,0.84,0.858718033,1.545203327,0.779897541,1.389877797,0.1836,0.3175
520,0.84,0.858718033,1.545203327,0.767337827,1.35595454,0.1836,0.3175
620,0.84,0.858718033,1.545203327,0.757129013,1.322859453,0.1836,0.3175
720,0.84,0.858718033,1.545203327,0.749266982,1.290572146,0.1836,0.3175
820,0.84,0.858718033,1.545203327,0.743755233,1.259072884,0.1836,0.3175
920,0.84,0.858718033,1.545203327,0.740604986,1.228342432,0.1836,0.3175
1020,0.84,0.858718033,1.545203327,0.739835318,1.198362024,0.1836,0.3175
60,0.84,0.84483315,1.520041253,0.831835994,1.497046142,0.1836,0.3175
160,0.84,0.84483315,1.520041253,0.812123764,1.460314106,0.1836,0.3175
260,0.84,0.84483315,1.520041253,0.794819808,1.424651683,0.1836,0.3175
360,0.84,0.84483315,1.520041253,0.779897541,1.389877797,0.1836,0.3175
460,0.84,0.84483315,1.520041253,0.767337827,1.35595454,0.1836,0.3175
560,0.84,0.84483315,1.520041253,0.757129013,1.322859453,0.1836,0.3175
660,0.84,0.84483315,1.520041253,0.749266982,1.290572146,0.1836,0.3175
760,0.84,0.84483315,1.520041253,0.743755233,1.259072884,0.1836,0.3175
860,0.84,0.84483315,1.520041253,0.740604986,1.228342432,0.1836,0.3175
960,0.84,0.84483315,1.520041253,0.739835318,1.198362024,0.1836,0.3175
100,0.84,0.831835994,1.497046142,0.812123764,1.460314106,0.1836,0.3175
200,0.84,0.831835994,1.497046142,0.794819808,1.424651683,0.1836,0.3175
300,0.84,0.831835994,1.497046142,0.779897541,1.389877797,0.1836,0.3175
400,0.84,0.831835994,1.497046142,0.767337827,1.35595454,0.1836,0.3175
500,0.84,0.831835994,1.497046142,0.757129013,1.322859453,0.1836,0.3175
600,0.84,0.831835994,1.497046142,0.749266982,1.290572146,0.1836,0.3175
700,0.84,0.831835994,1.497046142,0.743755233,1.259072884,0.1836,0.3175
800,0.84,0.831835994,1.497046142,0.740604986,1.228342432,0.1836,0.3175
900,0.84,0.831835994,1.497046142,0.739835318,1.198362024,0.1836,0.3175
100,0.84,0.812123764,1.460314106,0.794819808,1.424651683,0.1836,0.3175
200,0.84,0.812123764,1.460314106,0.779897541,1.389877797,0.1836,0.3175
300,0.84,0.812123764,1.460314106,0.767337827,1.35595454,0.1836,0.3175
400,0.84,0.812123764,1.460314106,0.757129013,1.322859453,0.1836,0.3175
500,0.84,0.812123764,1.460314106,0.749266982,1.290572146,0.1836,0.3175
600,0.84,0.812123764,1.460314106,0.743755233,1.259072884,0.1836,0.3175
700,0.84,0.812123764,1.460314106,0.740604986,1.228342432,0.1836,0.3175
800,0.84,0.812123764,1.460314106,0.739835318,1.198362024,0.1836,0.3175
100,0.84,0.794819808,1.424651683,0.779897541,1.389877797,0.1836,0.3175
200,0.84,0.794819808,1.424651683,0.767337827,1.35595454,0.1836,0.3175
300,0.84,0.794819808,1.424651683,0.757129013,1.322859453,0.1836,0.3175
400,0.84,0.794819808,1.424651683,0.749266982,1.290572146,0.1836,0.3175
500,0.84,0.794819808,1.424651683,0.743755233,1.259072884,0.1836,0.3175
600,0.84,0.794819808,1.424651683,0.740604986,1.228342432,0.1836,0.3175
700,0.84,0.794819808,1.424651683,0.739835318,1.198362024,0.1836,0.3175
100,0.84,0.779897541,1.389877797,0.767337827,1.35595454,0.1836,0.3175
200,0.84,0.779897541,1.389877797,0.757129013,1.322859453,0.1836,0.3175
300,0.84,0.779897541,1.389877797,0.749266982,1.290572146,0.1836,0.3175
400,0.84,0.779897541,1.389877797,0.743755233,1.259072884,0.1836,0.3175
500,0.84,0.779897541,1.389877797,0.740604986,1.228342432,0.1836,0.3175
600,0.84,0.779897541,1.389877797,0.739835318,1.198362024,0.1836,0.3175
100,0.84,0.767337827,1.35595454,0.757129013,1.322859453,0.1836,0.3175
200,0.84,0.767337827,1.35595454,0.749266982,1.290572146,0.1836,0.3175
300,0.84,0.767337827,1.35595454,0.743755233,1.259072884,0.1836,0.3175
400,0.84,0.767337827,1.35595454,0.740604986,1.228342432,0.1836,0.3175
500,0.84,0.767337827,1.35595454,0.739835318,1.198362024,0.1836,0.3175
100,0.84,0.757129013,1.322859453,0.749266982,1.290572146,0.1836,0.3175
200,0.84,0.757129013,1.322859453,0.743755233,1.259072884,0.1836,0.3175
300,0.84,0.757129013,1.322859453,0.740604986,1.228342432,0.1836,0.3175
400,0.84,0.757129013,1.322859453,0.739835318,1.198362024,0.1836,0.3175
100,0.84,0.749266982,1.290572146,0.743755233,1.259072884,0.1836,0.3175
200,0.84,0.749266982,1.290572146,0.740604986,1.228342432,0.1836,0.3175
300,0.84,0.749266982,1.290572146,0.739835318,1.198362024,0.1836,0.3175
100,0.84,0.743755233,1.259072884,0.740604986,1.228342432,0.1836,0.3175
200,0.84,0.743755233,1.259072884,0.739835318,1.198362024,0.1836,0.3175
100,0.84,0.740604986,1.228342432,0.739835318,1.198362024,0.1836,0.3175
30,1.04,0.91039,1.7991,0.898808618,1.630195954,0.1836,0.3175
60,1.04,0.91039,1.7991,0.891644647,1.525678023,0.1836,0.3175
120,1.04,0.91039,1.7991,0.883251603,1.41565713,0.1836,0.3175
180,1.04,0.91039,1.7991,0.87778407,1.363209083,0.1836,0.3175
240,1.04,0.91039,1.7991,0.873154206,1.331185852,0.1836,0.3175
300,1.04,0.91039,1.7991,0.868775018,1.306545464,0.1836,0.3175
400,1.04,0.91039,1.7991,0.861641864,1.27085582,0.1836,0.3175
500,1.04,0.91039,1.7991,0.85459391,1.237456378,0.1836,0.3175
600,1.04,0.91039,1.7991,0.84760682,1.205164718,0.1836,0.3175
700,1.04,0.91039,1.7991,0.840677243,1.173755894,0.1836,0.3175
800,1.04,0.91039,1.7991,0.833804365,1.14317266,0.1836,0.3175
900,1.04,0.91039,1.7991,0.826987682,1.113387524,0.1836,0.3175
1000,1.04,0.91039,1.7991,0.820226728,1.084378648,0.1836,0.3175
1100,1.04,0.91039,1.7991,0.813521048,1.056125624,0.1836,0.3175
1200,1.04,0.91039,1.7991,0.80687019,1.028608728,0.1836,0.3175
30,1.04,0.898808618,1.630195954,0.891644647,1.525678023,0.1836,0.3175
90,1.04,0.898808618,1.630195954,0.883251603,1.41565713,0.1836,0.3175
150,1.04,0.898808618,1.630195954,0.87778407,1.363209083,0.1836,0.3175
210,1.04,0.898808618,1.630195954,0.873154206,1.331185852,0.1836,0.3175
270,1.04,0.898808618,1.630195954,0.868775018,1.306545464,0.1836,0.3175
370,1.04,0.898808618,1.630195954,0.861641864,1.27085582,0.1836,0.3175
470,1.04,0.898808618,1.630195954,0.85459391,1.237456378,0.1836,0.3175
570,1.04,0.898808618,1.630195954,0.84760682,1.205164718,0.1836,0.3175
670,1.04,0.898808618,1.630195954,0.840677243,1.173755894,0.1836,0.3175
770,1.04,0.898808618,1.630195954,0.833804365,1.14317266,0.1836,0.3175
870,1.04,0.898808618,1.630195954,0.826987682,1.113387524,0.1836,0.3175
970,1.04,0.898808618,1.630195954,0.820226728,1.084378648,0.1836,0.3175
1070,1.04,0.898808618,1.630195954,0.813521048,1.056125624,0.1836,0.3175
1170,1.04,0.898808618,1.630195954,0.80687019,1.028608728,0.1836,0.3175
60,1.04,0.891644647,1.525678023,0.883251603,1.41565713,0.1836,0.3175
120,1.04,0.891644647,1.525678023,0.87778407,1.363209083,0.1836,0.3175
180,1.04,0.891644647,1.525678023,0.873154206,1.331185852,0.1836,0.3175
240,1.04,0.891644647,1.525678023,0.868775018,1.306545464,0.1836,0.3175
340,1.04,0.891644647,1.525678023,0.861641864,1.27085582,0.1836,0.3175
440,1.04,0.891644647,1.525678023,0.85459391,1.237456378,0.1836,0.3175
540,1.04,0.891644647,1.525678023,0.84760682,1.205164718,0.1836,0.3175
640,1.04,0.891644647,1.525678023,0.840677243,1.173755894,0.1836,0.3175
740,1.04,0.891644647,1.525678023,0.833804365,1.14317266,0.1836,0.3175
840,1.04,0.891644647,1.525678023,0.826987682,1.113387524,0.1836,0.3175
940,1.04,0.891644647,1.525678023,0.820226728,1.084378648,0.1836,0.3175
1040,1.04,0.891644647,1.525678023,0.813521048,1.056125624,0.1836,0.3175
1140,1.04,0.891644647,1.525678023,0.80687019,1.028608728,0.1836,0.3175
60,1.04,0.883251603,1.41565713,0.87778407,1.363209083,0.1836,0.3175
120,1.04,0.883251603,1.41565713,0.873154206,1.331185852,0.1836,0.3175
180,1.04,0.883251603,1.41565713,0.868775018,1.306545464,0.1836,0.3175
280,1.04,0.883251603,1.41565713,0.861641864,1.27085582,0.1836,0.3175
380,1.04,0.883251603,1.41565713,0.85459391,1.237456378,0.1836,0.3175
480,1.04,0.883251603,1.41565713,0.84760682,1.205164718,0.1836,0.3175
580,1.04,0.883251603,1.41565713,0.840677243,1.173755894,0.1836,0.3175
680,1.04,0.883251603,1.41565713,0.833804365,1.14317266,0.1836,0.3175
780,1.04,0.883251603,1.41565713,0.826987682,1.113387524,0.1836,0.3175
880,1.04,0.883251603,1.41565713,0.820226728,1.084378648,0.1836,0.3175
980,1.04,0.883251603,1.41565713,0.813521048,1.056125624,0.1836,0.3175
1080,1.04,0.883251603,1.41565713,0.80687019,1.028608728,0.1836,0.3175
60,1.04,0.87778407,1.363209083,0.873154206,1.331185852,0.1836,0.3175
120,1.04,0.87778407,1.363209083,0.868775018,1.306545464,0.1836,0.3175
220,1.04,0.87778407,1.363209083,0.861641864,1.27085582,0.1836,0.3175
320,1.04,0.87778407,1.363209083,0.85459391,1.237456378,0.1836,0.3175
420,1.04,0.87778407,1.363209083,0.84760682,1.205164718,0.1836,0.3175
520,1.04,0.87778407,1.363209083,0.840677243,1.173755894,0.1836,0.3175
620,1.04,0.87778407,1.363209083,0.833804365,1.14317266,0.1836,0.3175
720,1.04,0.87778407,1.363209083,0.826987682,1.113387524,0.1836,0.3175
820,1.04,0.87778407,1.363209083,0.820226728,1.084378648,0.1836,0.3175
920,1.04,0.87778407,1.363209083,0.813521048,1.056125624,0.1836,0.3175
1020,1.04,0.87778407,1.363209083,0.80687019,1.028608728,0.1836,0.3175
60,1.04,0.873154206,1.331185852,0.868775018,1.306545464,0.1836,0.3175
160,1.04,0.873154206,1.331185852,0.861641864,1.27085582,0.1836,0.3175
260,1.04,0.873154206,1.331185852,0.85459391,1.237456378,0.1836,0.3175
360,1.04,0.873154206,1.331185852,0.84760682,1.205164718,0.1836,0.3175
460,1.04,0.873154206,1.331185852,0.840677243,1.173755894,0.1836,0.3175
560,1.04,0.873154206,1.331185852,0.833804365,1.14317266,0.1836,0.3175
660,1.04,0.873154206,1.331185852,0.826987682,1.113387524,0.1836,0.3175
760,1.04,0.873154206,1.331185852,0.820226728,1.084378648,0.1836,0.3175
860,1.04,0.873154206,1.331185852,0.813521048,1.056125624,0.1836,0.3175
960,1.04,0.873154206,1.331185852,0.80687019,1.028608728,0.1836,0.3175
100,1.04,0.868775018,1.306545464,0.861641864,1.27085582,0.1836,0.3175
200,1.04,0.868775018,1.306545464,0.85459391,1.237456378,0.1836,0.3175
300,1.04,0.868775018,1.306545464,0.84760682,1.205164718,0.1836,0.3175
400,1.04,0.868775018,1.306545464,0.840677243,1.173755894,0.1836,0.3175
500,1.04,0.868775018,1.306545464,0.833804365,1.14317266,0.1836,0.3175
600,1.04,0.868775018,1.306545464,0.826987682,1.113387524,0.1836,0.3175
700,1.04,0.868775018,1.306545464,0.820226728,1.084378648,0.1836,0.3175
800,1.04,0.868775018,1.306545464,0.813521048,1.056125624,0.1836,0.3175
900,1.04,0.868775018,1.306545464,0.80687019,1.028608728,0.1836,0.3175
100,1.04,0.861641864,1.27085582,0.85459391,1.237456378,0.1836,0.3175
200,1.04,0.861641864,1.27085582,0.84760682,1.205164718,0.1836,0.3175
300,1.04,0.861641864,1.27085582,0.840677243,1.173755894,0.1836,0.3175
400,1.04,0.861641864,1.27085582,0.833804365,1.14317266,0.1836,0.3175
500,1.04,0.861641864,1.27085582,0.826987682,1.113387524,0.1836,0.3175
600,1.04,0.861641864,1.27085582,0.820226728,1.084378648,0.1836,0.3175
700,1.04,0.861641864,1.27085582,0.813521048,1.056125624,0.1836,0.3175
800,1.04,0.861641864,1.27085582,0.80687019,1.028608728,0.1836,0.3175
100,1.04,0.85459391,1.237456378,0.84760682,1.205164718,0.1836,0.3175
200,1.04,0.85459391,1.237456378,0.840677243,1.173755894,0.1836,0.3175
300,1.04,0.85459391,1.237456378,0.833804365,1.14317266,0.1836,0.3175
400,1.04,0.85459391,1.237456378,0.826987682,1.113387524,0.1836,0.3175
500,1.04,0.85459391,1.237456378,0.820226728,1.084378648,0.1836,0.3175
600,1.04,0.85459391,1.237456378,0.813521048,1.056125624,0.1836,0.3175
700,1.04,0.85459391,1.237456378,0.80687019,1.028608728,0.1836,0.3175
100,1.04,0.84760682,1.205164718,0.840677243,1.173755894,0.1836,0.3175
200,1.04,0.84760682,1.205164718,0.833804365,1.14317266,0.1836,0.3175
300,1.04,0.84760682,1.205164718,0.826987682,1.113387524,0.1836,0.3175
400,1.04,0.84760682,1.205164718,0.820226728,1.084378648,0.1836,0.3175
500,1.04,0.84760682,1.205164718,0.813521048,1.056125624,0.1836,0.3175
600,1.04,0.84760682,1.205164718,0.80687019,1.028608728,0.1836,0.3175
100,1.04,0.840677243,1.173755894,0.833804365,1.14317266,0.1836,0.3175
200,1.04,0.840677243,1.173755894,0.826987682,1.113387524,0.1836,0.3175
300,1.04,0.840677243,1.173755894,0.820226728,1.084378648,0.1836,0.3175
400,1.04,0.840677243,1.173755894,0.813521048,1.056125624,0.1836,0.3175
500,1.04,0.840677243,1.173755894,0.80687019,1.028608728,0.1836,0.3175
100,1.04,0.833804365,1.14317266,0.826987682,1.113387524,0.1836,0.3175
200,1.04,0.833804365,1.14317266,0.820226728,1.084378648,0.1836,0.3175
300,1.04,0.833804365,1.14317266,0.813521048,1.056125624,0.1836,0.3175
400,1.04,0.833804365,1.14317266,0.80687019,1.028608728,0.1836,0.3175
100,1.04,0.826987682,1.113387524,0.820226728,1.084378648,0.1836,0.3175
200,1.04,0.826987682,1.113387524,0.813521048,1.056125624,0.1836,0.3175
300,1.04,0.826987682,1.113387524,0.80687019,1.028608728,0.1836,0.3175
100,1.04,0.820226728,1.084378648,0.813521048,1.056125624,0.1836,0.3175
200,1.04,0.820226728,1.084378648,0.80687019,1.028608728,0.1836,0.3175
100,1.04,0.813521048,1.056125624,0.80687019,1.028608728,0.1836,0.3175
30,1.34,0.90583,1.8015,0.892937106,1.684773063,0.1836,0.3175
60,1.34,0.90583,1.8015,0.881705748,1.614934284,0.1836,0.3175
120,1.34,0.90583,1.8015,0.86321026,1.543532909,0.1836,0.3175
180,1.34,0.90583,1.8015,0.848693511,1.509245532,0.1836,0.3175
240,1.34,0.90583,1.8015,0.836991763,1.487003699,0.1836,0.3175
300,1.34,0.90583,1.8015,0.827284229,1.468754904,0.1836,0.3175
400,1.34,0.90583,1.8015,0.814043081,1.44102337,0.1836,0.3175
500,1.34,0.90583,1.8015,0.803074345,1.414403795,0.1836,0.3175
600,1.34,0.90583,1.8015,0.793411613,1.388364617,0.1836,0.3175
700,1.34,0.90583,1.8015,0.78451451,1.362818176,0.1836,0.3175
800,1.34,0.90583,1.8015,0.77608072,1.33774381,0.1836,0.3175
900,1.34,0.90583,1.8015,0.767940956,1.313131089,0.1836,0.3175
1000,1.34,0.90583,1.8015,0.760000268,1.288971254,0.1836,0.3175
1100,1.34,0.90583,1.8015,0.752205244,1.265255935,0.1836,0.3175
1200,1.34,0.90583,1.8015,0.744525691,1.241976947,0.1836,0.3175
30,1.34,0.892937106,1.684773063,0.881705748,1.614934284,0.1836,0.3175
90,1.34,0.892937106,1.684773063,0.86321026,1.543532909,0.1836,0.3175
150,1.34,0.892937106,1.684773063,0.848693511,1.509245532,0.1836,0.3175
210,1.34,0.892937106,1.684773063,0.836991763,1.487003699,0.1836,0.3175
270,1.34,0.892937106,1.684773063,0.827284229,1.468754904,0.1836,0.3175
370,1.34,0.892937106,1.684773063,0.814043081,1.44102337,0.1836,0.3175
470,1.34,0.892937106,1.684773063,0.803074345,1.414403795,0.1836,0.3175
570,1.34,0.892937106,1.684773063,0.793411613,1.388364617,0.1836,0.3175
670,1.34,0.892937106,1.684773063,0.78451451,1.362818176,0.1836,0.3175
770,1.34,0.892937106,1.684773063,0.77608072,1.33774381,0.1836,0.3175
870,1.34,0.892937106,1.684773063,0.767940956,1.313131089,0.1836,0.3175
970,1.34,0.892937106,1.684773063,0.760000268,1.288971254,0.1836,0.3175
1070,1.34,0.892937106,1.684773063,0.752205244,1.265255935,0.1836,0.3175
1170,1.34,0.892937106,1.684773063,0.744525691,1.241976947,0.1836,0.3175
60,1.34,0.881705748,1.614934284,0.86321026,1.543532909,0.1836,0.3175
120,1.34,0.881705748,1.614934284,0.848693511,1.509245532,0.1836,0.3175
180,1.34,0.881705748,1.614934284,0.836991763,1.487003699,0.1836,0.3175
240,1.34,0.881705748,1.614934284,0.827284229,1.468754904,0.1836,0.3175
340,1.34,0.881705748,1.614934284,0.814043081,1.44102337,0.1836,0.3175
440,1.34,0.881705748,1.614934284,0.803074345,1.414403795,0.1836,0.3175
540,1.34,0.881705748,1.614934284,0.793411613,1.388364617,0.1836,0.3175
640,1.34,0.881705748,1.614934284,0.78451451,1.362818176,0.1836,0.3175
740,1.34,0.881705748,1.614934284,0.77608072,1.33774381,0.1836,0.3175
840,1.34,0.881705748,1.614934284,0.767940956,1.313131089,0.1836,0.3175
940,1.34,0.881705748,1.614934284,0.760000268,1.288971254,0.1836,0.3175
1040,1.34,0.881705748,1.614934284,0.752205244,1.265255935,0.1836,0.3175
1140,1.34,0.881705748,1.614934284,0.744525691,1.241976947,0.1836,0.3175
60,1.34,0.86321026,1.543532909,0.848693511,1.509245532,0.1836,0.3175
120,1.34,0.86321026,1.543532909,0.836991763,1.487003699,0.1836,0.3175
180,1.34,0.86321026,1.543532909,0.827284229,1.468754904,0.1836,0.3175
280,1.34,0.86321026,1.543532909,0.814043081,1.44102337,0.1836,0.3175
380,1.34,0.86321026,1.543532909,0.803074345,1.414403795,0.1836,0.3175
480,1.34,0.86321026,1.543532909,0.793411613,1.388364617,0.1836,0.3175
580,1.34,0.86321026,1.543532909,0.78451451,1.362818176,0.1836,0.3175
680,1.34,0.86321026,1.543532909,0.77608072,1.33774381,0.1836,0.3175
780,1.34,0.86321026,1.543532909,0.767940956,1.313131089,0.1836,0.3175
880,1.34,0.86321026,1.543532909,0.760000268,1.288971254,0.1836,0.3175
980,1.34,0.86321026,1.543532909,0.752205244,1.265255935,0.1836,0.3175
1080,1.34,0.86321026,1.543532909,0.744525691,1.241976947,0.1836,0.3175
60,1.34,0.848693511,1.509245532,0.836991763,1.487003699,0.1836,0.3175
120,1.34,0.848693511,1.509245532,0.827284229,1.468754904,0.1836,0.3175
220,1.34,0.848693511,1.509245532,0.814043081,1.44102337,0.1836,0.3175
320,1.34,0.848693511,1.509245532,0.803074345,1.414403795,0.1836,0.3175
420,1.34,0.848693511,1.509245532,0.793411613,1.388364617,0.1836,0.3175
520,1.34,0.848693511,1.509245532,0.78451451,1.362818176,0.1836,0.3175
620,1.34,0.848693511,1.509245532,0.77608072,1.33774381,0.1836,0.3175
720,1.34,0.848693511,1.509245532,0.767940956,1.313131089,0.1836,0.3175
820,1.34,0.848693511,1.509245532,0.760000268,1.288971254,0.1836,0.3175
920,1.34,0.848693511,1.509245532,0.752205244,1.265255935,0.1836,0.3175
1020,1.34,0.848693511,1.509245532,0.744525691,1.241976947,0.1836,0.3175
60,1.34,0.836991763,1.487003699,0.827284229,1.468754904,0.1836,0.3175
160,1.34,0.836991763,1.487003699,0.814043081,1.44102337,0.1836,0.3175
260,1.34,0.836991763,1.487003699,0.803074345,1.414403795,0.1836,0.3175
360,1.34,0.836991763,1.487003699,0.793411613,1.388364617,0.1836,0.3175
460,1.34,0.836991763,1.487003699,0.78451451,1.362818176,0.1836,0.3175
560,1.34,0.836991763,1.487003699,0.77608072,1.33774381,0.1836,0.3175
660,1.34,0.836991763,1.487003699,0.767940956,1.313131089,0.1836,0.3175
760,1.34,0.836991763,1.487003699,0.760000268,1.288971254,0.1836,0.3175
860,1.34,0.836991763,1.487003699,0.752205244,1.265255935,0.1836,0.3175
960,1.34,0.836991763,1.487003699,0.744525691,1.241976947,0.1836,0.3175
100,1.34,0.827284229,1.468754904,0.814043081,1.44102337,0.1836,0.3175
200,1.34,0.827284229,1.468754904,0.803074345,1.414403795,0.1836,0.3175
300,1.34,0.827284229,1.468754904,0.793411613,1.388364617,0.1836,0.3175
400,1.34,0.827284229,1.468754904,0.78451451,1.362818176,0.1836,0.3175
500,1.34,0.827284229,1.468754904,0.77608072,1.33774381,0.1836,0.3175
600,1.34,0.827284229,1.468754904,0.767940956,1.313131089,0.1836,0.3175
700,1.34,0.827284229,1.468754904,0.760000268,1.288971254,0.1836,0.3175
800,1.34,0.827284229,1.468754904,0.752205244,1.265255935,0.1836,0.3175
900,1.34,0.827284229,1.468754904,0.744525691,1.241976947,0.1836,0.3175
100,1.34,0.814043081,1.44102337,0.803074345,1.414403795,0.1836,0.3175
200,1.34,0.814043081,1.44102337,0.793411613,1.388364617,0.1836,0.3175
300,1.34,0.814043081,1.44102337,0.78451451,1.362818176,0.1836,0.3175
400,1.34,0.814043081,1.44102337,0.77608072,1.33774381,0.1836,0.3175
500,1.34,0.814043081,1.44102337,0.767940956,1.313131089,0.1836,0.3175
600,1.34,0.814043081,1.44102337,0.760000268,1.288971254,0.1836,0.3175
700,1.34,0.814043081,1.44102337,0.752205244,1.265255935,0.1836,0.3175
800,1.34,0.814043081,1.44102337,0.744525691,1.241976947,0.1836,0.3175
100,1.34,0.803074345,1.414403795,0.793411613,1.388364617,0.1836,0.3175
200,1.34,0.803074345,1.414403795,0.78451451,1.362818176,0.1836,0.3175
300,1.34,0.803074345,1.414403795,0.77608072,1.33774381,0.1836,0.3175
400,1.34,0.803074345,1.414403795,0.767940956,1.313131089,0.1836,0.3175
500,1.34,0.803074345,1.414403795,0.760000268,1.288971254,0.1836,0.3175
600,1.34,0.803074345,1.414403795,0.752205244,1.265255935,0.1836,0.3175
700,1.34,0.803074345,1.414403795,0.744525691,1.241976947,0.1836,0.3175
100,1.34,0.793411613,1.388364617,0.78451451,1.362818176,0.1836,0.3175
200,1.34,0.793411613,1.388364617,0.77608072,1.33774381,0.1836,0.3175
300,1.34,0.793411613,1.388364617,0.767940956,1.313131089,0.1836,0.3175
400,1.34,0.793411613,1.388364617,0.760000268,1.288971254,0.1836,0.3175
500,1.34,0.793411613,1.388364617,0.752205244,1.265255935,0.1836,0.3175
600,1.34,0.793411613,1.388364617,0.744525691,1.241976947,0.1836,0.3175
100,1.34,0.78451451,1.362818176,0.77608072,1.33774381,0.1836,0.3175
200,1.34,0.78451451,1.362818176,0.767940956,1.313131089,0.1836,0.3175
300,1.34,0.78451451,1.362818176,0.760000268,1.288971254,0.1836,0.3175
400,1.34,0.78451451,1.362818176,0.752205244,1.265255935,0.1836,0.3175
500,1.34,0.78451451,1.362818176,0.744525691,1.241976947,0.1836,0.3175
100,1.34,0.77608072,1.33774381,0.767940956,1.313131089,0.1836,0.3175
200,1.34,0.77608072,1.33774381,0.760000268,1.288971254,0.1836,0.3175
300,1.34,0.77608072,1.33774381,0.752205244,1.265255935,0.1836,0.3175
400,1.34,0.77608072,1.33774381,0.744525691,1.241976947,0.1836,0.3175
100,1.34,0.767940956,1.313131089,0.760000268,1.288971254,0.1836,0.3175
200,1.34,0.767940956,1.313131089,0.752205244,1.265255935,0.1836,0.3175
300,1.34,0.767940956,1.313131089,0.744525691,1.241976947,0.1836,0.3175
100,1.34,0.760000268,1.288971254,0.752205244,1.265255935,0.1836,0.3175
200,1.34,0.760000268,1.288971254,0.744525691,1.241976947,0.1836,0.3175
100,1.34,0.752205244,1.265255935,0.744525691,1.241976947,0.1836,0.3175
